CaseMasterID,CrimeNo,CaseNo,CrimeRegisteredDate,PolicePersonID,PoliceStationID,CaseCategoryID,GravityOffenceID,CrimeMajorHeadID,CrimeMinorHeadID,CaseStatusID,CourtID,IncidentFromDate,IncidentToDate,InfoReceivedPSDate,latitude,longitude,BriefFacts
1,100101202400001,CASE-1,2024-04-24,14,1,1,1,1,1,3,1,2024-04-23 02:00:00,2024-04-24 00:00:00,2024-04-24 00:00:00,12.911223,74.627921,Theft reported at Bangalore Urban on 2024-04-24
2,100101202400002,CASE-2,2024-03-30,65,1,1,1,1,7,1,1,2024-03-29 04:00:00,2024-03-30 00:00:00,2024-03-30 00:00:00,12.857449,74.983871,Cheating reported at Bangalore Urban on 2024-03-30
3,100101202400003,CASE-3,2024-01-28,1,1,1,1,1,4,4,1,2024-01-27 18:00:00,2024-01-28 00:00:00,2024-01-28 00:00:00,12.90511,76.651696,Assault reported at Bangalore Urban on 2024-01-28
4,100101202400004,CASE-4,2025-03-08,44,1,1,1,1,6,3,1,2025-03-07 20:00:00,2025-03-08 00:00:00,2025-03-08 00:00:00,12.88887,78.307459,Burglary reported at Bangalore Urban on 2025-03-08
5,100101202400005,CASE-5,2024-04-04,34,1,1,1,1,7,1,1,2024-04-03 22:00:00,2024-04-04 00:00:00,2024-04-04 00:00:00,12.939745,75.547801,Cheating reported at Bangalore Urban on 2024-04-04
6,100101202400006,CASE-6,2025-04-15,81,1,1,1,1,2,4,1,2025-04-14 04:00:00,2025-04-15 00:00:00,2025-04-15 00:00:00,12.8697,75.319302,Robbery reported at Bangalore Urban on 2025-04-15
7,100101202400007,CASE-7,2025-01-05,38,1,1,1,1,4,1,1,2025-01-04 21:00:00,2025-01-05 00:00:00,2025-01-05 00:00:00,12.861456,75.025542,Assault reported at Bangalore Urban on 2025-01-05
8,100101202400008,CASE-8,2024-08-26,47,1,1,1,1,2,4,1,2024-08-25 18:00:00,2024-08-26 00:00:00,2024-08-26 00:00:00,12.919493,76.86058,Robbery reported at Bangalore Urban on 2024-08-26
9,100102202400009,CASE-9,2024-12-29,10,2,1,1,1,4,3,1,2024-12-28 04:00:00,2024-12-29 00:00:00,2024-12-29 00:00:00,13.025455,77.075964,Assault reported at Bangalore Urban on 2024-12-29
10,100102202400010,CASE-10,2024-06-24,82,2,1,1,1,4,2,1,2024-06-23 01:00:00,2024-06-24 00:00:00,2024-06-24 00:00:00,12.965565,75.214765,Assault reported at Bangalore Urban on 2024-06-24
11,100102202400011,CASE-11,2024-08-12,41,2,1,1,1,6,1,1,2024-08-11 11:00:00,2024-08-12 00:00:00,2024-08-12 00:00:00,12.907262,74.144451,Burglary reported at Bangalore Urban on 2024-08-12
12,100102202400012,CASE-12,2024-10-01,92,2,1,1,1,2,2,1,2024-09-30 13:00:00,2024-10-01 00:00:00,2024-10-01 00:00:00,13.078284,76.55231,Robbery reported at Bangalore Urban on 2024-10-01
13,100102202400013,CASE-13,2024-08-05,19,2,1,1,1,8,4,1,2024-08-04 15:00:00,2024-08-05 00:00:00,2024-08-05 00:00:00,13.071171,76.892833,Snatching reported at Bangalore Urban on 2024-08-05
14,100103202400014,CASE-14,2024-09-09,29,3,1,1,1,5,4,1,2024-09-08 19:00:00,2024-09-09 00:00:00,2024-09-09 00:00:00,13.074456,75.797302,Kidnapping reported at Bangalore Urban on 2024-09-09
15,100103202400015,CASE-15,2025-06-05,20,3,1,1,1,8,1,1,2025-06-04 03:00:00,2025-06-05 00:00:00,2025-06-05 00:00:00,13.038946,77.874963,Snatching reported at Bangalore Urban on 2025-06-05
16,100103202400016,CASE-16,2024-06-12,60,3,1,1,1,7,1,1,2024-06-11 07:00:00,2024-06-12 00:00:00,2024-06-12 00:00:00,12.946192,76.681498,Cheating reported at Bangalore Urban on 2024-06-12
17,100103202400017,CASE-17,2024-09-14,35,3,1,1,1,1,1,1,2024-09-13 03:00:00,2024-09-14 00:00:00,2024-09-14 00:00:00,13.020428,76.416366,Theft reported at Bangalore Urban on 2024-09-14
18,100104202400018,CASE-18,2024-04-24,93,4,1,1,1,5,4,1,2024-04-23 00:00:00,2024-04-24 00:00:00,2024-04-24 00:00:00,12.889539,74.014604,Kidnapping reported at Bangalore Urban on 2024-04-24
19,100104202400019,CASE-19,2024-09-26,82,4,1,1,1,3,1,1,2024-09-25 07:00:00,2024-09-26 00:00:00,2024-09-26 00:00:00,13.06763,75.343002,Murder reported at Bangalore Urban on 2024-09-26
20,100104202400020,CASE-20,2024-07-22,100,4,1,1,1,3,3,1,2024-07-21 07:00:00,2024-07-22 00:00:00,2024-07-22 00:00:00,13.040628,76.427206,Murder reported at Bangalore Urban on 2024-07-22
21,100104202400021,CASE-21,2024-01-01,40,4,1,1,1,6,4,1,2023-12-31 16:00:00,2024-01-01 00:00:00,2024-01-01 00:00:00,12.854869,78.180944,Burglary reported at Bangalore Urban on 2024-01-01
22,100104202400022,CASE-22,2024-02-29,9,4,1,1,1,4,1,1,2024-02-28 06:00:00,2024-02-29 00:00:00,2024-02-29 00:00:00,12.871413,76.186957,Assault reported at Bangalore Urban on 2024-02-29
23,100105202400023,CASE-23,2024-05-11,55,5,1,1,1,8,2,1,2024-05-10 17:00:00,2024-05-11 00:00:00,2024-05-11 00:00:00,12.916264,77.925949,Snatching reported at Bangalore Urban on 2024-05-11
24,100105202400024,CASE-24,2024-07-24,57,5,1,1,1,5,4,1,2024-07-23 07:00:00,2024-07-24 00:00:00,2024-07-24 00:00:00,13.098787,76.924451,Kidnapping reported at Bangalore Urban on 2024-07-24
25,100105202400025,CASE-25,2025-04-07,76,5,1,1,1,2,2,1,2025-04-06 06:00:00,2025-04-07 00:00:00,2025-04-07 00:00:00,12.906174,75.521385,Robbery reported at Bangalore Urban on 2025-04-07
26,100105202400026,CASE-26,2024-08-23,30,5,1,1,1,4,1,1,2024-08-22 21:00:00,2024-08-23 00:00:00,2024-08-23 00:00:00,12.867748,76.839963,Assault reported at Bangalore Urban on 2024-08-23
27,100106202400027,CASE-27,2024-12-04,70,6,1,1,1,2,2,1,2024-12-03 19:00:00,2024-12-04 00:00:00,2024-12-04 00:00:00,12.919619,76.184365,Robbery reported at Bangalore Urban on 2024-12-04
28,100106202400028,CASE-28,2025-04-29,13,6,1,1,1,4,4,1,2025-04-28 02:00:00,2025-04-29 00:00:00,2025-04-29 00:00:00,13.051874,74.856845,Assault reported at Bangalore Urban on 2025-04-29
29,100106202400029,CASE-29,2025-03-17,7,6,1,1,1,6,4,1,2025-03-16 02:00:00,2025-03-17 00:00:00,2025-03-17 00:00:00,12.952776,77.887265,Burglary reported at Bangalore Urban on 2025-03-17
30,100107202400030,CASE-30,2024-04-10,14,7,1,1,1,1,4,1,2024-04-09 16:00:00,2024-04-10 00:00:00,2024-04-10 00:00:00,13.032053,77.602666,Theft reported at Bangalore Urban on 2024-04-10
31,100107202400031,CASE-31,2024-07-15,60,7,1,1,1,4,4,1,2024-07-14 16:00:00,2024-07-15 00:00:00,2024-07-15 00:00:00,12.885046,74.825696,Assault reported at Bangalore Urban on 2024-07-15
32,100107202400032,CASE-32,2024-03-18,2,7,1,1,1,8,1,1,2024-03-17 21:00:00,2024-03-18 00:00:00,2024-03-18 00:00:00,12.862647,78.496771,Snatching reported at Bangalore Urban on 2024-03-18
33,100107202400033,CASE-33,2024-08-30,52,7,1,1,1,3,4,1,2024-08-29 22:00:00,2024-08-30 00:00:00,2024-08-30 00:00:00,12.97141,74.961863,Murder reported at Bangalore Urban on 2024-08-30
34,100107202400034,CASE-34,2024-06-17,59,7,1,1,1,7,1,1,2024-06-16 14:00:00,2024-06-17 00:00:00,2024-06-17 00:00:00,13.096327,75.193414,Cheating reported at Bangalore Urban on 2024-06-17
35,100107202400035,CASE-35,2025-03-09,8,7,1,1,1,8,2,1,2025-03-08 05:00:00,2025-03-09 00:00:00,2025-03-09 00:00:00,12.897474,74.979654,Snatching reported at Bangalore Urban on 2025-03-09
36,100107202400036,CASE-36,2024-03-03,68,7,1,1,1,6,1,1,2024-03-02 18:00:00,2024-03-03 00:00:00,2024-03-03 00:00:00,12.862536,76.145548,Burglary reported at Bangalore Urban on 2024-03-03
37,100107202400037,CASE-37,2024-02-28,31,7,1,1,1,2,2,1,2024-02-27 11:00:00,2024-02-28 00:00:00,2024-02-28 00:00:00,12.86713,74.305824,Robbery reported at Bangalore Urban on 2024-02-28
38,100108202400038,CASE-38,2024-09-09,67,8,1,1,1,1,1,1,2024-09-08 13:00:00,2024-09-09 00:00:00,2024-09-09 00:00:00,12.954806,76.626525,Theft reported at Bangalore Urban on 2024-09-09
39,100108202400039,CASE-39,2024-09-24,86,8,1,1,1,4,3,1,2024-09-23 03:00:00,2024-09-24 00:00:00,2024-09-24 00:00:00,12.909671,75.781036,Assault reported at Bangalore Urban on 2024-09-24
40,100108202400040,CASE-40,2024-11-03,2,8,1,1,1,8,3,1,2024-11-02 09:00:00,2024-11-03 00:00:00,2024-11-03 00:00:00,13.082255,78.210804,Snatching reported at Bangalore Urban on 2024-11-03
41,100109202400041,CASE-41,2024-04-12,45,9,1,1,1,2,2,1,2024-04-11 21:00:00,2024-04-12 00:00:00,2024-04-12 00:00:00,12.976471,74.596055,Robbery reported at Bangalore Urban on 2024-04-12
42,100109202400042,CASE-42,2024-09-07,91,9,1,1,1,6,3,1,2024-09-06 14:00:00,2024-09-07 00:00:00,2024-09-07 00:00:00,12.889437,77.751852,Burglary reported at Bangalore Urban on 2024-09-07
43,100109202400043,CASE-43,2025-06-25,18,9,1,1,1,1,3,1,2025-06-24 15:00:00,2025-06-25 00:00:00,2025-06-25 00:00:00,13.082939,74.466139,Theft reported at Bangalore Urban on 2025-06-25
44,100109202400044,CASE-44,2024-04-28,92,9,1,1,1,2,2,1,2024-04-27 13:00:00,2024-04-28 00:00:00,2024-04-28 00:00:00,12.918087,76.721734,Robbery reported at Bangalore Urban on 2024-04-28
45,100109202400045,CASE-45,2024-07-27,7,9,1,1,1,5,4,1,2024-07-26 21:00:00,2024-07-27 00:00:00,2024-07-27 00:00:00,12.91278,78.086716,Kidnapping reported at Bangalore Urban on 2024-07-27
46,100109202400046,CASE-46,2025-03-09,82,9,1,1,1,5,1,1,2025-03-08 15:00:00,2025-03-09 00:00:00,2025-03-09 00:00:00,12.850886,77.470037,Kidnapping reported at Bangalore Urban on 2025-03-09
47,100109202400047,CASE-47,2024-06-14,89,9,1,1,1,8,4,1,2024-06-13 19:00:00,2024-06-14 00:00:00,2024-06-14 00:00:00,12.990227,74.503432,Snatching reported at Bangalore Urban on 2024-06-14
48,100110202400048,CASE-48,2024-02-06,47,10,1,1,1,6,2,1,2024-02-05 22:00:00,2024-02-06 00:00:00,2024-02-06 00:00:00,12.957447,74.18823,Burglary reported at Bangalore Urban on 2024-02-06
49,100110202400049,CASE-49,2025-01-01,72,10,1,1,1,4,2,1,2024-12-31 10:00:00,2025-01-01 00:00:00,2025-01-01 00:00:00,13.016733,75.591554,Assault reported at Bangalore Urban on 2025-01-01
50,100110202400050,CASE-50,2024-06-07,53,10,1,1,1,4,2,1,2024-06-06 23:00:00,2024-06-07 00:00:00,2024-06-07 00:00:00,13.094052,77.648473,Assault reported at Bangalore Urban on 2024-06-07
51,100110202400051,CASE-51,2024-07-02,32,10,1,1,1,6,4,1,2024-07-01 15:00:00,2024-07-02 00:00:00,2024-07-02 00:00:00,13.050559,77.888288,Burglary reported at Bangalore Urban on 2024-07-02
52,100110202400052,CASE-52,2024-06-12,29,10,1,1,1,2,4,1,2024-06-11 17:00:00,2024-06-12 00:00:00,2024-06-12 00:00:00,13.068042,77.86367,Robbery reported at Bangalore Urban on 2024-06-12
53,100110202400053,CASE-53,2025-04-16,29,10,1,1,1,6,3,1,2025-04-15 23:00:00,2025-04-16 00:00:00,2025-04-16 00:00:00,13.055134,77.920954,Burglary reported at Bangalore Urban on 2025-04-16
54,100110202400054,CASE-54,2024-07-16,99,10,1,1,1,7,3,1,2024-07-15 15:00:00,2024-07-16 00:00:00,2024-07-16 00:00:00,12.919651,74.312393,Cheating reported at Bangalore Urban on 2024-07-16
55,100111202400055,CASE-55,2025-06-05,34,11,1,1,1,7,3,1,2025-06-04 18:00:00,2025-06-05 00:00:00,2025-06-05 00:00:00,13.084809,74.519038,Cheating reported at Bangalore Urban on 2025-06-05
56,100111202400056,CASE-56,2024-09-28,41,11,1,1,1,1,1,1,2024-09-27 10:00:00,2024-09-28 00:00:00,2024-09-28 00:00:00,12.999143,75.555592,Theft reported at Bangalore Urban on 2024-09-28
57,100111202400057,CASE-57,2025-06-07,6,11,1,1,1,2,4,1,2025-06-06 01:00:00,2025-06-07 00:00:00,2025-06-07 00:00:00,13.074876,74.855354,Robbery reported at Bangalore Urban on 2025-06-07
58,100111202400058,CASE-58,2025-03-22,86,11,1,1,1,1,2,1,2025-03-21 13:00:00,2025-03-22 00:00:00,2025-03-22 00:00:00,12.941055,74.314882,Theft reported at Bangalore Urban on 2025-03-22
59,100111202400059,CASE-59,2024-11-17,42,11,1,1,1,2,3,1,2024-11-16 11:00:00,2024-11-17 00:00:00,2024-11-17 00:00:00,12.976781,77.001018,Robbery reported at Bangalore Urban on 2024-11-17
60,100112202400060,CASE-60,2024-10-29,87,12,1,1,1,3,2,1,2024-10-28 00:00:00,2024-10-29 00:00:00,2024-10-29 00:00:00,12.955112,78.231637,Murder reported at Bangalore Urban on 2024-10-29
61,100112202400061,CASE-61,2024-06-27,37,12,1,1,1,5,4,1,2024-06-26 17:00:00,2024-06-27 00:00:00,2024-06-27 00:00:00,12.986984,74.001827,Kidnapping reported at Bangalore Urban on 2024-06-27
62,100112202400062,CASE-62,2025-03-16,66,12,1,1,1,6,4,1,2025-03-15 08:00:00,2025-03-16 00:00:00,2025-03-16 00:00:00,12.960447,77.040323,Burglary reported at Bangalore Urban on 2025-03-16
63,100112202400063,CASE-63,2024-06-22,43,12,1,1,1,2,3,1,2024-06-21 21:00:00,2024-06-22 00:00:00,2024-06-22 00:00:00,12.978863,76.848234,Robbery reported at Bangalore Urban on 2024-06-22
64,100112202400064,CASE-64,2024-08-28,6,12,1,1,1,5,2,1,2024-08-27 16:00:00,2024-08-28 00:00:00,2024-08-28 00:00:00,13.051641,74.663093,Kidnapping reported at Bangalore Urban on 2024-08-28
65,100112202400065,CASE-65,2025-05-01,25,12,1,1,1,2,4,1,2025-04-30 01:00:00,2025-05-01 00:00:00,2025-05-01 00:00:00,12.95361,76.833944,Robbery reported at Bangalore Urban on 2025-05-01
66,100112202400066,CASE-66,2025-01-28,1,12,1,1,1,8,4,1,2025-01-27 20:00:00,2025-01-28 00:00:00,2025-01-28 00:00:00,12.910996,76.952261,Snatching reported at Bangalore Urban on 2025-01-28
67,100112202400067,CASE-67,2025-03-11,60,12,1,1,1,4,2,1,2025-03-10 22:00:00,2025-03-11 00:00:00,2025-03-11 00:00:00,13.051027,77.131603,Assault reported at Bangalore Urban on 2025-03-11
68,100213202400068,CASE-68,2024-09-12,68,13,1,1,1,2,4,1,2024-09-11 06:00:00,2024-09-12 00:00:00,2024-09-12 00:00:00,12.740002,76.090895,Robbery reported at Bangalore Rural on 2024-09-12
69,100213202400069,CASE-69,2024-11-20,21,13,1,1,1,8,4,1,2024-11-19 00:00:00,2024-11-20 00:00:00,2024-11-20 00:00:00,12.949171,76.465424,Snatching reported at Bangalore Rural on 2024-11-20
70,100213202400070,CASE-70,2025-05-01,36,13,1,1,1,8,3,1,2025-04-30 07:00:00,2025-05-01 00:00:00,2025-05-01 00:00:00,12.925533,77.779383,Snatching reported at Bangalore Rural on 2025-05-01
71,100213202400071,CASE-71,2025-05-11,31,13,1,1,1,4,3,1,2025-05-10 15:00:00,2025-05-11 00:00:00,2025-05-11 00:00:00,12.831962,77.210952,Assault reported at Bangalore Rural on 2025-05-11
72,100213202400072,CASE-72,2024-12-09,89,13,1,1,1,6,1,1,2024-12-08 19:00:00,2024-12-09 00:00:00,2024-12-09 00:00:00,12.741512,75.040677,Burglary reported at Bangalore Rural on 2024-12-09
73,100213202400073,CASE-73,2024-08-07,54,13,1,1,1,2,4,1,2024-08-06 22:00:00,2024-08-07 00:00:00,2024-08-07 00:00:00,12.82228,76.44175,Robbery reported at Bangalore Rural on 2024-08-07
74,100213202400074,CASE-74,2024-07-30,90,13,1,1,1,7,4,1,2024-07-29 23:00:00,2024-07-30 00:00:00,2024-07-30 00:00:00,12.971452,76.628357,Cheating reported at Bangalore Rural on 2024-07-30
75,100214202400075,CASE-75,2025-01-24,50,14,1,1,1,8,1,1,2025-01-23 10:00:00,2025-01-24 00:00:00,2025-01-24 00:00:00,12.982822,75.343757,Snatching reported at Bangalore Rural on 2025-01-24
76,100214202400076,CASE-76,2024-08-13,50,14,1,1,1,8,2,1,2024-08-12 13:00:00,2024-08-13 00:00:00,2024-08-13 00:00:00,12.781881,76.185389,Snatching reported at Bangalore Rural on 2024-08-13
77,100214202400077,CASE-77,2025-02-18,69,14,1,1,1,3,4,1,2025-02-17 23:00:00,2025-02-18 00:00:00,2025-02-18 00:00:00,12.975862,78.413249,Murder reported at Bangalore Rural on 2025-02-18
78,100214202400078,CASE-78,2025-02-07,60,14,1,1,1,1,1,1,2025-02-06 18:00:00,2025-02-07 00:00:00,2025-02-07 00:00:00,12.892825,74.610648,Theft reported at Bangalore Rural on 2025-02-07
79,100214202400079,CASE-79,2024-02-21,44,14,1,1,1,5,4,1,2024-02-20 11:00:00,2024-02-21 00:00:00,2024-02-21 00:00:00,12.798206,76.046147,Kidnapping reported at Bangalore Rural on 2024-02-21
80,100214202400080,CASE-80,2024-10-11,96,14,1,1,1,7,3,1,2024-10-10 06:00:00,2024-10-11 00:00:00,2024-10-11 00:00:00,12.950473,76.116381,Cheating reported at Bangalore Rural on 2024-10-11
81,100214202400081,CASE-81,2024-02-23,84,14,1,1,1,6,2,1,2024-02-22 22:00:00,2024-02-23 00:00:00,2024-02-23 00:00:00,12.895043,77.515549,Burglary reported at Bangalore Rural on 2024-02-23
82,100215202400082,CASE-82,2024-09-10,61,15,1,1,1,4,1,1,2024-09-09 02:00:00,2024-09-10 00:00:00,2024-09-10 00:00:00,12.886401,75.073452,Assault reported at Bangalore Rural on 2024-09-10
83,100215202400083,CASE-83,2024-04-27,22,15,1,1,1,4,4,1,2024-04-26 04:00:00,2024-04-27 00:00:00,2024-04-27 00:00:00,12.909839,77.451041,Assault reported at Bangalore Rural on 2024-04-27
84,100215202400084,CASE-84,2024-04-27,40,15,1,1,1,3,3,1,2024-04-26 05:00:00,2024-04-27 00:00:00,2024-04-27 00:00:00,12.73243,74.115553,Murder reported at Bangalore Rural on 2024-04-27
85,100216202400085,CASE-85,2025-01-19,81,16,1,1,1,7,2,1,2025-01-18 16:00:00,2025-01-19 00:00:00,2025-01-19 00:00:00,12.722799,77.107765,Cheating reported at Bangalore Rural on 2025-01-19
86,100216202400086,CASE-86,2024-04-14,6,16,1,1,1,5,1,1,2024-04-13 12:00:00,2024-04-14 00:00:00,2024-04-14 00:00:00,12.938868,76.546696,Kidnapping reported at Bangalore Rural on 2024-04-14
87,100216202400087,CASE-87,2025-06-29,2,16,1,1,1,7,3,1,2025-06-28 10:00:00,2025-06-29 00:00:00,2025-06-29 00:00:00,12.720687,76.913945,Cheating reported at Bangalore Rural on 2025-06-29
88,100216202400088,CASE-88,2025-05-16,59,16,1,1,1,2,4,1,2025-05-15 01:00:00,2025-05-16 00:00:00,2025-05-16 00:00:00,12.988236,76.860133,Robbery reported at Bangalore Rural on 2025-05-16
89,100216202400089,CASE-89,2024-06-05,35,16,1,1,1,7,2,1,2024-06-04 04:00:00,2024-06-05 00:00:00,2024-06-05 00:00:00,12.920139,78.344632,Cheating reported at Bangalore Rural on 2024-06-05
90,100216202400090,CASE-90,2025-05-10,42,16,1,1,1,8,4,1,2025-05-09 16:00:00,2025-05-10 00:00:00,2025-05-10 00:00:00,12.94772,76.666136,Snatching reported at Bangalore Rural on 2025-05-10
91,100216202400091,CASE-91,2024-03-29,79,16,1,1,1,5,4,1,2024-03-28 02:00:00,2024-03-29 00:00:00,2024-03-29 00:00:00,12.773159,76.091188,Kidnapping reported at Bangalore Rural on 2024-03-29
92,100216202400092,CASE-92,2025-01-23,63,16,1,1,1,6,1,1,2025-01-22 17:00:00,2025-01-23 00:00:00,2025-01-23 00:00:00,12.848292,75.462564,Burglary reported at Bangalore Rural on 2025-01-23
93,100217202400093,CASE-93,2024-09-21,36,17,1,1,1,6,3,1,2024-09-20 06:00:00,2024-09-21 00:00:00,2024-09-21 00:00:00,12.964096,77.155327,Burglary reported at Bangalore Rural on 2024-09-21
94,100217202400094,CASE-94,2024-01-11,72,17,1,1,1,4,1,1,2024-01-10 16:00:00,2024-01-11 00:00:00,2024-01-11 00:00:00,12.772407,75.828927,Assault reported at Bangalore Rural on 2024-01-11
95,100217202400095,CASE-95,2025-05-02,29,17,1,1,1,8,4,1,2025-05-01 11:00:00,2025-05-02 00:00:00,2025-05-02 00:00:00,12.93788,74.41874,Snatching reported at Bangalore Rural on 2025-05-02
96,100217202400096,CASE-96,2024-09-06,55,17,1,1,1,5,3,1,2024-09-05 00:00:00,2024-09-06 00:00:00,2024-09-06 00:00:00,12.841978,76.389149,Kidnapping reported at Bangalore Rural on 2024-09-06
97,100217202400097,CASE-97,2024-12-04,16,17,1,1,1,6,4,1,2024-12-03 00:00:00,2024-12-04 00:00:00,2024-12-04 00:00:00,12.781275,75.131317,Burglary reported at Bangalore Rural on 2024-12-04
98,100218202400098,CASE-98,2024-11-19,36,18,1,1,1,2,2,1,2024-11-18 00:00:00,2024-11-19 00:00:00,2024-11-19 00:00:00,12.757462,77.323721,Robbery reported at Bangalore Rural on 2024-11-19
99,100218202400099,CASE-99,2025-06-21,47,18,1,1,1,5,1,1,2025-06-20 18:00:00,2025-06-21 00:00:00,2025-06-21 00:00:00,12.949789,75.333109,Kidnapping reported at Bangalore Rural on 2025-06-21
100,100218202400100,CASE-100,2024-11-05,71,18,1,1,1,1,2,1,2024-11-04 14:00:00,2024-11-05 00:00:00,2024-11-05 00:00:00,12.782293,78.384327,Theft reported at Bangalore Rural on 2024-11-05
101,100218202400101,CASE-101,2024-05-09,61,18,1,1,1,8,1,1,2024-05-08 08:00:00,2024-05-09 00:00:00,2024-05-09 00:00:00,12.961816,76.583289,Snatching reported at Bangalore Rural on 2024-05-09
102,100219202400102,CASE-102,2024-12-14,15,19,1,1,1,3,1,1,2024-12-13 21:00:00,2024-12-14 00:00:00,2024-12-14 00:00:00,12.775744,77.877753,Murder reported at Bangalore Rural on 2024-12-14
103,100219202400103,CASE-103,2025-02-14,20,19,1,1,1,8,1,1,2025-02-13 19:00:00,2025-02-14 00:00:00,2025-02-14 00:00:00,12.873106,77.08903,Snatching reported at Bangalore Rural on 2025-02-14
104,100219202400104,CASE-104,2024-11-07,78,19,1,1,1,2,2,1,2024-11-06 04:00:00,2024-11-07 00:00:00,2024-11-07 00:00:00,12.735535,77.439996,Robbery reported at Bangalore Rural on 2024-11-07
105,100219202400105,CASE-105,2024-08-19,76,19,1,1,1,7,4,1,2024-08-18 10:00:00,2024-08-19 00:00:00,2024-08-19 00:00:00,12.972551,75.338089,Cheating reported at Bangalore Rural on 2024-08-19
106,100219202400106,CASE-106,2024-11-08,28,19,1,1,1,1,1,1,2024-11-07 15:00:00,2024-11-08 00:00:00,2024-11-08 00:00:00,12.984277,74.935046,Theft reported at Bangalore Rural on 2024-11-08
107,100219202400107,CASE-107,2024-03-24,1,19,1,1,1,3,2,1,2024-03-23 10:00:00,2024-03-24 00:00:00,2024-03-24 00:00:00,12.752144,74.337792,Murder reported at Bangalore Rural on 2024-03-24
108,100220202400108,CASE-108,2025-04-26,90,20,1,1,1,5,1,1,2025-04-25 09:00:00,2025-04-26 00:00:00,2025-04-26 00:00:00,12.769443,77.181301,Kidnapping reported at Bangalore Rural on 2025-04-26
109,100220202400109,CASE-109,2024-03-13,85,20,1,1,1,4,3,1,2024-03-12 17:00:00,2024-03-13 00:00:00,2024-03-13 00:00:00,12.936348,76.812761,Assault reported at Bangalore Rural on 2024-03-13
110,100220202400110,CASE-110,2025-03-11,19,20,1,1,1,2,2,1,2025-03-10 21:00:00,2025-03-11 00:00:00,2025-03-11 00:00:00,12.89429,78.087852,Robbery reported at Bangalore Rural on 2025-03-11
111,100220202400111,CASE-111,2024-03-02,37,20,1,1,1,3,3,1,2024-03-01 09:00:00,2024-03-02 00:00:00,2024-03-02 00:00:00,12.878513,77.709081,Murder reported at Bangalore Rural on 2024-03-02
112,100220202400112,CASE-112,2024-05-07,65,20,1,1,1,8,3,1,2024-05-06 06:00:00,2024-05-07 00:00:00,2024-05-07 00:00:00,12.90992,78.242043,Snatching reported at Bangalore Rural on 2024-05-07
113,100220202400113,CASE-113,2025-05-20,95,20,1,1,1,8,1,1,2025-05-19 13:00:00,2025-05-20 00:00:00,2025-05-20 00:00:00,12.879411,78.002403,Snatching reported at Bangalore Rural on 2025-05-20
114,100321202400114,CASE-114,2024-09-13,74,21,1,1,1,1,1,1,2024-09-12 05:00:00,2024-09-13 00:00:00,2024-09-13 00:00:00,12.245785,77.034343,Theft reported at Mysuru on 2024-09-13
115,100321202400115,CASE-115,2024-01-22,67,21,1,1,1,5,1,1,2024-01-21 03:00:00,2024-01-22 00:00:00,2024-01-22 00:00:00,12.352622,74.788358,Kidnapping reported at Mysuru on 2024-01-22
116,100321202400116,CASE-116,2025-03-28,63,21,1,1,1,5,2,1,2025-03-27 21:00:00,2025-03-28 00:00:00,2025-03-28 00:00:00,12.399389,75.961482,Kidnapping reported at Mysuru on 2025-03-28
117,100321202400117,CASE-117,2025-04-26,21,21,1,1,1,6,4,1,2025-04-25 13:00:00,2025-04-26 00:00:00,2025-04-26 00:00:00,12.266662,77.015601,Burglary reported at Mysuru on 2025-04-26
118,100321202400118,CASE-118,2025-02-25,98,21,1,1,1,8,3,1,2025-02-24 06:00:00,2025-02-25 00:00:00,2025-02-25 00:00:00,12.332517,75.802035,Snatching reported at Mysuru on 2025-02-25
119,100321202400119,CASE-119,2024-02-07,99,21,1,1,1,8,1,1,2024-02-06 11:00:00,2024-02-07 00:00:00,2024-02-07 00:00:00,12.262903,75.454732,Snatching reported at Mysuru on 2024-02-07
120,100321202400120,CASE-120,2025-06-10,47,21,1,1,1,1,4,1,2025-06-09 04:00:00,2025-06-10 00:00:00,2025-06-10 00:00:00,12.28265,74.844121,Theft reported at Mysuru on 2025-06-10
121,100322202400121,CASE-121,2025-03-28,37,22,1,1,1,1,2,1,2025-03-27 09:00:00,2025-03-28 00:00:00,2025-03-28 00:00:00,12.253411,74.58956,Theft reported at Mysuru on 2025-03-28
122,100322202400122,CASE-122,2025-05-11,31,22,1,1,1,2,1,1,2025-05-10 01:00:00,2025-05-11 00:00:00,2025-05-11 00:00:00,12.394629,76.739923,Robbery reported at Mysuru on 2025-05-11
123,100322202400123,CASE-123,2024-06-11,15,22,1,1,1,5,1,1,2024-06-10 09:00:00,2024-06-11 00:00:00,2024-06-11 00:00:00,12.31045,74.419441,Kidnapping reported at Mysuru on 2024-06-11
124,100322202400124,CASE-124,2024-04-30,91,22,1,1,1,3,4,1,2024-04-29 15:00:00,2024-04-30 00:00:00,2024-04-30 00:00:00,12.386531,75.313377,Murder reported at Mysuru on 2024-04-30
125,100322202400125,CASE-125,2025-03-01,50,22,1,1,1,8,4,1,2025-02-28 17:00:00,2025-03-01 00:00:00,2025-03-01 00:00:00,12.248746,76.480693,Snatching reported at Mysuru on 2025-03-01
126,100322202400126,CASE-126,2025-06-04,54,22,1,1,1,3,1,1,2025-06-03 13:00:00,2025-06-04 00:00:00,2025-06-04 00:00:00,12.255249,77.555028,Murder reported at Mysuru on 2025-06-04
127,100323202400127,CASE-127,2024-09-30,75,23,1,1,1,1,3,1,2024-09-29 02:00:00,2024-09-30 00:00:00,2024-09-30 00:00:00,12.34521,77.768642,Theft reported at Mysuru on 2024-09-30
128,100323202400128,CASE-128,2025-05-16,71,23,1,1,1,3,4,1,2025-05-15 06:00:00,2025-05-16 00:00:00,2025-05-16 00:00:00,12.307716,75.553058,Murder reported at Mysuru on 2025-05-16
129,100323202400129,CASE-129,2025-01-21,31,23,1,1,1,8,3,1,2025-01-20 05:00:00,2025-01-21 00:00:00,2025-01-21 00:00:00,12.37392,78.413486,Snatching reported at Mysuru on 2025-01-21
130,100323202400130,CASE-130,2025-01-27,91,23,1,1,1,4,4,1,2025-01-26 11:00:00,2025-01-27 00:00:00,2025-01-27 00:00:00,12.208729,77.351173,Assault reported at Mysuru on 2025-01-27
131,100323202400131,CASE-131,2025-01-30,76,23,1,1,1,3,4,1,2025-01-29 13:00:00,2025-01-30 00:00:00,2025-01-30 00:00:00,12.392965,74.568108,Murder reported at Mysuru on 2025-01-30
132,100323202400132,CASE-132,2024-04-12,93,23,1,1,1,8,1,1,2024-04-11 19:00:00,2024-04-12 00:00:00,2024-04-12 00:00:00,12.30519,76.056176,Snatching reported at Mysuru on 2024-04-12
133,100323202400133,CASE-133,2025-02-23,44,23,1,1,1,3,1,1,2025-02-22 04:00:00,2025-02-23 00:00:00,2025-02-23 00:00:00,12.293898,78.361416,Murder reported at Mysuru on 2025-02-23
134,100324202400134,CASE-134,2025-02-11,49,24,1,1,1,2,3,1,2025-02-10 13:00:00,2025-02-11 00:00:00,2025-02-11 00:00:00,12.370468,77.86704,Robbery reported at Mysuru on 2025-02-11
135,100324202400135,CASE-135,2025-05-14,37,24,1,1,1,1,1,1,2025-05-13 16:00:00,2025-05-14 00:00:00,2025-05-14 00:00:00,12.246954,77.079798,Theft reported at Mysuru on 2025-05-14
136,100324202400136,CASE-136,2024-04-02,13,24,1,1,1,7,1,1,2024-04-01 09:00:00,2024-04-02 00:00:00,2024-04-02 00:00:00,12.352074,77.167509,Cheating reported at Mysuru on 2024-04-02
137,100324202400137,CASE-137,2024-06-19,38,24,1,1,1,5,1,1,2024-06-18 12:00:00,2024-06-19 00:00:00,2024-06-19 00:00:00,12.209198,77.582646,Kidnapping reported at Mysuru on 2024-06-19
138,100324202400138,CASE-138,2025-01-18,88,24,1,1,1,7,2,1,2025-01-17 18:00:00,2025-01-18 00:00:00,2025-01-18 00:00:00,12.248839,75.854233,Cheating reported at Mysuru on 2025-01-18
139,100324202400139,CASE-139,2024-06-23,88,24,1,1,1,3,1,1,2024-06-22 16:00:00,2024-06-23 00:00:00,2024-06-23 00:00:00,12.321898,75.721449,Murder reported at Mysuru on 2024-06-23
140,100324202400140,CASE-140,2025-05-24,33,24,1,1,1,3,2,1,2025-05-23 02:00:00,2025-05-24 00:00:00,2025-05-24 00:00:00,12.29223,75.142898,Murder reported at Mysuru on 2025-05-24
141,100324202400141,CASE-141,2024-01-10,57,24,1,1,1,8,3,1,2024-01-09 12:00:00,2024-01-10 00:00:00,2024-01-10 00:00:00,12.335522,74.71089,Snatching reported at Mysuru on 2024-01-10
142,100325202400142,CASE-142,2024-11-02,50,25,1,1,1,7,3,1,2024-11-01 08:00:00,2024-11-02 00:00:00,2024-11-02 00:00:00,12.291367,75.359548,Cheating reported at Mysuru on 2024-11-02
143,100325202400143,CASE-143,2024-04-19,90,25,1,1,1,4,4,1,2024-04-18 14:00:00,2024-04-19 00:00:00,2024-04-19 00:00:00,12.314385,76.586654,Assault reported at Mysuru on 2024-04-19
144,100325202400144,CASE-144,2024-01-23,100,25,1,1,1,7,3,1,2024-01-22 00:00:00,2024-01-23 00:00:00,2024-01-23 00:00:00,12.20162,77.892803,Cheating reported at Mysuru on 2024-01-23
145,100325202400145,CASE-145,2024-02-20,46,25,1,1,1,8,3,1,2024-02-19 16:00:00,2024-02-20 00:00:00,2024-02-20 00:00:00,12.355148,75.035533,Snatching reported at Mysuru on 2024-02-20
146,100325202400146,CASE-146,2024-07-13,83,25,1,1,1,5,2,1,2024-07-12 22:00:00,2024-07-13 00:00:00,2024-07-13 00:00:00,12.32565,78.065317,Kidnapping reported at Mysuru on 2024-07-13
147,100325202400147,CASE-147,2024-11-12,12,25,1,1,1,8,1,1,2024-11-11 14:00:00,2024-11-12 00:00:00,2024-11-12 00:00:00,12.315915,77.295619,Snatching reported at Mysuru on 2024-11-12
148,100325202400148,CASE-148,2024-11-30,47,25,1,1,1,7,2,1,2024-11-29 07:00:00,2024-11-30 00:00:00,2024-11-30 00:00:00,12.240159,77.539308,Cheating reported at Mysuru on 2024-11-30
149,100326202400149,CASE-149,2024-10-06,38,26,1,1,1,3,3,1,2024-10-05 00:00:00,2024-10-06 00:00:00,2024-10-06 00:00:00,12.38281,78.248845,Murder reported at Mysuru on 2024-10-06
150,100326202400150,CASE-150,2024-12-12,29,26,1,1,1,2,4,1,2024-12-11 02:00:00,2024-12-12 00:00:00,2024-12-12 00:00:00,12.392579,74.633407,Robbery reported at Mysuru on 2024-12-12
151,100326202400151,CASE-151,2025-02-10,69,26,1,1,1,6,1,1,2025-02-09 20:00:00,2025-02-10 00:00:00,2025-02-10 00:00:00,12.358136,74.062634,Burglary reported at Mysuru on 2025-02-10
152,100326202400152,CASE-152,2025-04-10,48,26,1,1,1,6,3,1,2025-04-09 20:00:00,2025-04-10 00:00:00,2025-04-10 00:00:00,12.316912,77.700878,Burglary reported at Mysuru on 2025-04-10
153,100326202400153,CASE-153,2024-08-27,42,26,1,1,1,8,1,1,2024-08-26 04:00:00,2024-08-27 00:00:00,2024-08-27 00:00:00,12.323909,78.244261,Snatching reported at Mysuru on 2024-08-27
154,100326202400154,CASE-154,2024-08-14,53,26,1,1,1,2,4,1,2024-08-13 20:00:00,2024-08-14 00:00:00,2024-08-14 00:00:00,12.381878,75.359856,Robbery reported at Mysuru on 2024-08-14
155,100326202400155,CASE-155,2024-05-23,13,26,1,1,1,1,1,1,2024-05-22 16:00:00,2024-05-23 00:00:00,2024-05-23 00:00:00,12.260873,76.216811,Theft reported at Mysuru on 2024-05-23
156,100327202400156,CASE-156,2024-05-18,90,27,1,1,1,7,4,1,2024-05-17 06:00:00,2024-05-18 00:00:00,2024-05-18 00:00:00,12.274202,78.272213,Cheating reported at Mysuru on 2024-05-18
157,100327202400157,CASE-157,2025-03-05,79,27,1,1,1,3,4,1,2025-03-04 10:00:00,2025-03-05 00:00:00,2025-03-05 00:00:00,12.330984,77.751619,Murder reported at Mysuru on 2025-03-05
158,100327202400158,CASE-158,2024-10-13,31,27,1,1,1,1,3,1,2024-10-12 12:00:00,2024-10-13 00:00:00,2024-10-13 00:00:00,12.243454,76.001131,Theft reported at Mysuru on 2024-10-13
159,100327202400159,CASE-159,2024-04-11,16,27,1,1,1,6,3,1,2024-04-10 09:00:00,2024-04-11 00:00:00,2024-04-11 00:00:00,12.21211,75.241466,Burglary reported at Mysuru on 2024-04-11
160,100327202400160,CASE-160,2024-04-03,17,27,1,1,1,4,1,1,2024-04-02 05:00:00,2024-04-03 00:00:00,2024-04-03 00:00:00,12.210116,75.500791,Assault reported at Mysuru on 2024-04-03
161,100327202400161,CASE-161,2024-07-29,30,27,1,1,1,2,2,1,2024-07-28 13:00:00,2024-07-29 00:00:00,2024-07-29 00:00:00,12.317277,77.658738,Robbery reported at Mysuru on 2024-07-29
162,100327202400162,CASE-162,2024-05-31,17,27,1,1,1,1,3,1,2024-05-30 06:00:00,2024-05-31 00:00:00,2024-05-31 00:00:00,12.371681,74.651096,Theft reported at Mysuru on 2024-05-31
163,100328202400163,CASE-163,2024-06-27,31,28,1,1,1,2,1,1,2024-06-26 05:00:00,2024-06-27 00:00:00,2024-06-27 00:00:00,12.226361,75.61209,Robbery reported at Mysuru on 2024-06-27
164,100328202400164,CASE-164,2024-11-27,54,28,1,1,1,1,2,1,2024-11-26 07:00:00,2024-11-27 00:00:00,2024-11-27 00:00:00,12.253074,74.570413,Theft reported at Mysuru on 2024-11-27
165,100328202400165,CASE-165,2024-04-26,76,28,1,1,1,2,4,1,2024-04-25 20:00:00,2024-04-26 00:00:00,2024-04-26 00:00:00,12.289655,75.629175,Robbery reported at Mysuru on 2024-04-26
166,100328202400166,CASE-166,2025-04-07,85,28,1,1,1,4,1,1,2025-04-06 07:00:00,2025-04-07 00:00:00,2025-04-07 00:00:00,12.345449,78.089383,Assault reported at Mysuru on 2025-04-07
167,100328202400167,CASE-167,2024-11-04,52,28,1,1,1,8,1,1,2024-11-03 10:00:00,2024-11-04 00:00:00,2024-11-04 00:00:00,12.212165,76.155419,Snatching reported at Mysuru on 2024-11-04
168,100329202400168,CASE-168,2024-04-20,78,29,1,1,1,8,4,1,2024-04-19 19:00:00,2024-04-20 00:00:00,2024-04-20 00:00:00,12.214698,74.363557,Snatching reported at Mysuru on 2024-04-20
169,100329202400169,CASE-169,2024-03-08,92,29,1,1,1,3,3,1,2024-03-07 13:00:00,2024-03-08 00:00:00,2024-03-08 00:00:00,12.324863,76.634141,Murder reported at Mysuru on 2024-03-08
170,100329202400170,CASE-170,2025-01-25,90,29,1,1,1,5,4,1,2025-01-24 20:00:00,2025-01-25 00:00:00,2025-01-25 00:00:00,12.30111,75.935897,Kidnapping reported at Mysuru on 2025-01-25
171,100329202400171,CASE-171,2024-08-08,59,29,1,1,1,7,4,1,2024-08-07 11:00:00,2024-08-08 00:00:00,2024-08-08 00:00:00,12.377618,75.862161,Cheating reported at Mysuru on 2024-08-08
172,100329202400172,CASE-172,2025-03-01,48,29,1,1,1,2,3,1,2025-02-28 19:00:00,2025-03-01 00:00:00,2025-03-01 00:00:00,12.285353,76.992985,Robbery reported at Mysuru on 2025-03-01
173,100329202400173,CASE-173,2025-04-30,13,29,1,1,1,2,1,1,2025-04-29 00:00:00,2025-04-30 00:00:00,2025-04-30 00:00:00,12.366354,74.419535,Robbery reported at Mysuru on 2025-04-30
174,100329202400174,CASE-174,2025-01-16,43,29,1,1,1,3,1,1,2025-01-15 02:00:00,2025-01-16 00:00:00,2025-01-16 00:00:00,12.317293,76.527139,Murder reported at Mysuru on 2025-01-16
175,100329202400175,CASE-175,2024-05-05,55,29,1,1,1,7,3,1,2024-05-04 00:00:00,2024-05-05 00:00:00,2024-05-05 00:00:00,12.374721,78.235084,Cheating reported at Mysuru on 2024-05-05
176,100330202400176,CASE-176,2024-10-21,20,30,1,1,1,5,3,1,2024-10-20 02:00:00,2024-10-21 00:00:00,2024-10-21 00:00:00,12.22072,76.283356,Kidnapping reported at Mysuru on 2024-10-21
177,100330202400177,CASE-177,2025-05-08,15,30,1,1,1,4,1,1,2025-05-07 15:00:00,2025-05-08 00:00:00,2025-05-08 00:00:00,12.270023,76.503195,Assault reported at Mysuru on 2025-05-08
178,100330202400178,CASE-178,2024-08-19,89,30,1,1,1,7,1,1,2024-08-18 15:00:00,2024-08-19 00:00:00,2024-08-19 00:00:00,12.321799,76.960241,Cheating reported at Mysuru on 2024-08-19
179,100431202400179,CASE-179,2024-07-03,24,31,1,1,1,5,3,1,2024-07-02 19:00:00,2024-07-03 00:00:00,2024-07-03 00:00:00,15.484308,75.579605,Kidnapping reported at Hubli on 2024-07-03
180,100431202400180,CASE-180,2025-02-14,12,31,1,1,1,2,2,1,2025-02-13 00:00:00,2025-02-14 00:00:00,2025-02-14 00:00:00,15.448194,78.373146,Robbery reported at Hubli on 2025-02-14
181,100431202400181,CASE-181,2025-06-27,48,31,1,1,1,4,4,1,2025-06-26 14:00:00,2025-06-27 00:00:00,2025-06-27 00:00:00,15.383966,75.534032,Assault reported at Hubli on 2025-06-27
182,100432202400182,CASE-182,2024-11-28,7,32,1,1,1,2,1,1,2024-11-27 02:00:00,2024-11-28 00:00:00,2024-11-28 00:00:00,15.331116,77.394961,Robbery reported at Hubli on 2024-11-28
183,100432202400183,CASE-183,2024-03-24,57,32,1,1,1,5,4,1,2024-03-23 10:00:00,2024-03-24 00:00:00,2024-03-24 00:00:00,15.432388,76.185478,Kidnapping reported at Hubli on 2024-03-24
184,100432202400184,CASE-184,2024-10-06,87,32,1,1,1,4,1,1,2024-10-05 02:00:00,2024-10-06 00:00:00,2024-10-06 00:00:00,15.369035,74.499004,Assault reported at Hubli on 2024-10-06
185,100432202400185,CASE-185,2025-05-13,8,32,1,1,1,5,1,1,2025-05-12 23:00:00,2025-05-13 00:00:00,2025-05-13 00:00:00,15.344104,78.430005,Kidnapping reported at Hubli on 2025-05-13
186,100432202400186,CASE-186,2024-07-28,38,32,1,1,1,5,2,1,2024-07-27 13:00:00,2024-07-28 00:00:00,2024-07-28 00:00:00,15.45347,77.438724,Kidnapping reported at Hubli on 2024-07-28
187,100432202400187,CASE-187,2024-05-02,49,32,1,1,1,1,4,1,2024-05-01 06:00:00,2024-05-02 00:00:00,2024-05-02 00:00:00,15.449403,74.790627,Theft reported at Hubli on 2024-05-02
188,100432202400188,CASE-188,2024-08-23,56,32,1,1,1,6,1,1,2024-08-22 23:00:00,2024-08-23 00:00:00,2024-08-23 00:00:00,15.379414,77.339186,Burglary reported at Hubli on 2024-08-23
189,100432202400189,CASE-189,2025-04-15,91,32,1,1,1,2,3,1,2025-04-14 03:00:00,2025-04-15 00:00:00,2025-04-15 00:00:00,15.415152,76.580299,Robbery reported at Hubli on 2025-04-15
190,100433202400190,CASE-190,2024-10-23,80,33,1,1,1,2,4,1,2024-10-22 09:00:00,2024-10-23 00:00:00,2024-10-23 00:00:00,15.304171,75.461457,Robbery reported at Hubli on 2024-10-23
191,100433202400191,CASE-191,2025-01-05,76,33,1,1,1,2,4,1,2025-01-04 11:00:00,2025-01-05 00:00:00,2025-01-05 00:00:00,15.468897,75.094924,Robbery reported at Hubli on 2025-01-05
192,100433202400192,CASE-192,2025-06-20,29,33,1,1,1,2,4,1,2025-06-19 13:00:00,2025-06-20 00:00:00,2025-06-20 00:00:00,15.474105,77.356122,Robbery reported at Hubli on 2025-06-20
193,100433202400193,CASE-193,2024-06-21,100,33,1,1,1,2,1,1,2024-06-20 12:00:00,2024-06-21 00:00:00,2024-06-21 00:00:00,15.406121,74.872567,Robbery reported at Hubli on 2024-06-21
194,100433202400194,CASE-194,2024-12-25,23,33,1,1,1,3,2,1,2024-12-24 04:00:00,2024-12-25 00:00:00,2024-12-25 00:00:00,15.320561,75.151857,Murder reported at Hubli on 2024-12-25
195,100433202400195,CASE-195,2024-06-05,60,33,1,1,1,2,2,1,2024-06-04 05:00:00,2024-06-05 00:00:00,2024-06-05 00:00:00,15.490258,76.825769,Robbery reported at Hubli on 2024-06-05
196,100434202400196,CASE-196,2025-04-04,57,34,1,1,1,6,3,1,2025-04-03 03:00:00,2025-04-04 00:00:00,2025-04-04 00:00:00,15.330191,74.307288,Burglary reported at Hubli on 2025-04-04
197,100434202400197,CASE-197,2024-11-06,60,34,1,1,1,5,1,1,2024-11-05 09:00:00,2024-11-06 00:00:00,2024-11-06 00:00:00,15.370388,74.333858,Kidnapping reported at Hubli on 2024-11-06
198,100434202400198,CASE-198,2024-02-08,12,34,1,1,1,1,3,1,2024-02-07 04:00:00,2024-02-08 00:00:00,2024-02-08 00:00:00,15.466339,74.34529,Theft reported at Hubli on 2024-02-08
199,100434202400199,CASE-199,2025-06-03,95,34,1,1,1,7,4,1,2025-06-02 22:00:00,2025-06-03 00:00:00,2025-06-03 00:00:00,15.416066,78.294042,Cheating reported at Hubli on 2025-06-03
200,100434202400200,CASE-200,2025-04-05,8,34,1,1,1,4,3,1,2025-04-04 09:00:00,2025-04-05 00:00:00,2025-04-05 00:00:00,15.421001,76.256153,Assault reported at Hubli on 2025-04-05
201,100434202400201,CASE-201,2024-04-15,32,34,1,1,1,6,1,1,2024-04-14 01:00:00,2024-04-15 00:00:00,2024-04-15 00:00:00,15.40091,74.776515,Burglary reported at Hubli on 2024-04-15
202,100434202400202,CASE-202,2025-03-24,50,34,1,1,1,8,2,1,2025-03-23 10:00:00,2025-03-24 00:00:00,2025-03-24 00:00:00,15.37278,78.130716,Snatching reported at Hubli on 2025-03-24
203,100435202400203,CASE-203,2024-02-23,50,35,1,1,1,6,1,1,2024-02-22 14:00:00,2024-02-23 00:00:00,2024-02-23 00:00:00,15.365938,76.510834,Burglary reported at Hubli on 2024-02-23
204,100435202400204,CASE-204,2024-09-15,45,35,1,1,1,3,3,1,2024-09-14 14:00:00,2024-09-15 00:00:00,2024-09-15 00:00:00,15.3163,76.986254,Murder reported at Hubli on 2024-09-15
205,100435202400205,CASE-205,2025-02-05,43,35,1,1,1,3,1,1,2025-02-04 19:00:00,2025-02-05 00:00:00,2025-02-05 00:00:00,15.361916,75.695057,Murder reported at Hubli on 2025-02-05
206,100435202400206,CASE-206,2025-06-23,40,35,1,1,1,2,4,1,2025-06-22 18:00:00,2025-06-23 00:00:00,2025-06-23 00:00:00,15.401698,74.082037,Robbery reported at Hubli on 2025-06-23
207,100435202400207,CASE-207,2024-08-07,20,35,1,1,1,6,4,1,2024-08-06 21:00:00,2024-08-07 00:00:00,2024-08-07 00:00:00,15.338401,78.499895,Burglary reported at Hubli on 2024-08-07
208,100436202400208,CASE-208,2024-04-13,77,36,1,1,1,1,3,1,2024-04-12 11:00:00,2024-04-13 00:00:00,2024-04-13 00:00:00,15.475279,76.781142,Theft reported at Hubli on 2024-04-13
209,100436202400209,CASE-209,2024-06-06,22,36,1,1,1,3,2,1,2024-06-05 00:00:00,2024-06-06 00:00:00,2024-06-06 00:00:00,15.466269,77.46994,Murder reported at Hubli on 2024-06-06
210,100436202400210,CASE-210,2025-03-24,57,36,1,1,1,1,4,1,2025-03-23 04:00:00,2025-03-24 00:00:00,2025-03-24 00:00:00,15.37286,77.238136,Theft reported at Hubli on 2025-03-24
211,100436202400211,CASE-211,2024-10-18,61,36,1,1,1,8,2,1,2024-10-17 17:00:00,2024-10-18 00:00:00,2024-10-18 00:00:00,15.406802,75.392606,Snatching reported at Hubli on 2024-10-18
212,100436202400212,CASE-212,2025-01-11,65,36,1,1,1,8,4,1,2025-01-10 07:00:00,2025-01-11 00:00:00,2025-01-11 00:00:00,15.453888,77.501558,Snatching reported at Hubli on 2025-01-11
213,100437202400213,CASE-213,2024-06-14,62,37,1,1,1,4,2,1,2024-06-13 12:00:00,2024-06-14 00:00:00,2024-06-14 00:00:00,15.4746,74.234809,Assault reported at Hubli on 2024-06-14
214,100437202400214,CASE-214,2024-04-15,58,37,1,1,1,2,3,1,2024-04-14 07:00:00,2024-04-15 00:00:00,2024-04-15 00:00:00,15.316775,74.721406,Robbery reported at Hubli on 2024-04-15
215,100437202400215,CASE-215,2024-05-30,58,37,1,1,1,7,1,1,2024-05-29 12:00:00,2024-05-30 00:00:00,2024-05-30 00:00:00,15.489283,74.999171,Cheating reported at Hubli on 2024-05-30
216,100437202400216,CASE-216,2024-01-28,50,37,1,1,1,7,1,1,2024-01-27 21:00:00,2024-01-28 00:00:00,2024-01-28 00:00:00,15.379291,75.682827,Cheating reported at Hubli on 2024-01-28
217,100437202400217,CASE-217,2025-01-18,92,37,1,1,1,4,1,1,2025-01-17 03:00:00,2025-01-18 00:00:00,2025-01-18 00:00:00,15.363737,74.445874,Assault reported at Hubli on 2025-01-18
218,100437202400218,CASE-218,2024-12-09,61,37,1,1,1,3,2,1,2024-12-08 01:00:00,2024-12-09 00:00:00,2024-12-09 00:00:00,15.307661,78.128283,Murder reported at Hubli on 2024-12-09
219,100538202400219,CASE-219,2025-04-25,28,38,1,1,1,8,1,1,2025-04-24 19:00:00,2025-04-25 00:00:00,2025-04-25 00:00:00,12.981171,74.085517,Snatching reported at Mangalore on 2025-04-25
220,100538202400220,CASE-220,2025-06-24,16,38,1,1,1,7,1,1,2025-06-23 22:00:00,2025-06-24 00:00:00,2025-06-24 00:00:00,12.955235,75.069381,Cheating reported at Mangalore on 2025-06-24
221,100538202400221,CASE-221,2024-09-01,64,38,1,1,1,7,4,1,2024-08-31 04:00:00,2024-09-01 00:00:00,2024-09-01 00:00:00,12.812561,77.765095,Cheating reported at Mangalore on 2024-09-01
222,100538202400222,CASE-222,2024-01-17,46,38,1,1,1,4,2,1,2024-01-16 16:00:00,2024-01-17 00:00:00,2024-01-17 00:00:00,12.858254,74.00704,Assault reported at Mangalore on 2024-01-17
223,100539202400223,CASE-223,2025-03-02,68,39,1,1,1,3,1,1,2025-03-01 06:00:00,2025-03-02 00:00:00,2025-03-02 00:00:00,12.904697,75.622717,Murder reported at Mangalore on 2025-03-02
224,100539202400224,CASE-224,2025-06-03,50,39,1,1,1,1,4,1,2025-06-02 12:00:00,2025-06-03 00:00:00,2025-06-03 00:00:00,12.974666,74.195905,Theft reported at Mangalore on 2025-06-03
225,100539202400225,CASE-225,2024-09-16,94,39,1,1,1,1,3,1,2024-09-15 02:00:00,2024-09-16 00:00:00,2024-09-16 00:00:00,12.957704,75.551611,Theft reported at Mangalore on 2024-09-16
226,100539202400226,CASE-226,2024-04-16,83,39,1,1,1,6,2,1,2024-04-15 18:00:00,2024-04-16 00:00:00,2024-04-16 00:00:00,12.808867,76.457062,Burglary reported at Mangalore on 2024-04-16
227,100539202400227,CASE-227,2025-04-20,100,39,1,1,1,8,2,1,2025-04-19 09:00:00,2025-04-20 00:00:00,2025-04-20 00:00:00,12.9623,74.283952,Snatching reported at Mangalore on 2025-04-20
228,100539202400228,CASE-228,2024-02-07,6,39,1,1,1,5,2,1,2024-02-06 13:00:00,2024-02-07 00:00:00,2024-02-07 00:00:00,12.808761,74.897614,Kidnapping reported at Mangalore on 2024-02-07
229,100539202400229,CASE-229,2024-11-13,25,39,1,1,1,7,4,1,2024-11-12 14:00:00,2024-11-13 00:00:00,2024-11-13 00:00:00,12.850663,77.389809,Cheating reported at Mangalore on 2024-11-13
230,100540202400230,CASE-230,2024-02-18,52,40,1,1,1,6,3,1,2024-02-17 00:00:00,2024-02-18 00:00:00,2024-02-18 00:00:00,12.824895,75.656086,Burglary reported at Mangalore on 2024-02-18
231,100540202400231,CASE-231,2025-03-26,64,40,1,1,1,7,3,1,2025-03-25 12:00:00,2025-03-26 00:00:00,2025-03-26 00:00:00,12.994745,76.232915,Cheating reported at Mangalore on 2025-03-26
232,100540202400232,CASE-232,2025-06-15,78,40,1,1,1,5,1,1,2025-06-14 18:00:00,2025-06-15 00:00:00,2025-06-15 00:00:00,12.945416,74.355172,Kidnapping reported at Mangalore on 2025-06-15
233,100540202400233,CASE-233,2024-10-27,40,40,1,1,1,6,1,1,2024-10-26 09:00:00,2024-10-27 00:00:00,2024-10-27 00:00:00,12.816014,76.974136,Burglary reported at Mangalore on 2024-10-27
234,100540202400234,CASE-234,2025-03-12,46,40,1,1,1,3,4,1,2025-03-11 04:00:00,2025-03-12 00:00:00,2025-03-12 00:00:00,12.870309,74.190598,Murder reported at Mangalore on 2025-03-12
235,100541202400235,CASE-235,2024-10-08,66,41,1,1,1,1,1,1,2024-10-07 00:00:00,2024-10-08 00:00:00,2024-10-08 00:00:00,12.934237,75.827946,Theft reported at Mangalore on 2024-10-08
236,100541202400236,CASE-236,2024-06-12,57,41,1,1,1,1,2,1,2024-06-11 22:00:00,2024-06-12 00:00:00,2024-06-12 00:00:00,12.969734,77.0514,Theft reported at Mangalore on 2024-06-12
237,100541202400237,CASE-237,2024-05-09,50,41,1,1,1,2,2,1,2024-05-08 05:00:00,2024-05-09 00:00:00,2024-05-09 00:00:00,12.955703,75.648478,Robbery reported at Mangalore on 2024-05-09
238,100541202400238,CASE-238,2024-02-03,98,41,1,1,1,3,4,1,2024-02-02 21:00:00,2024-02-03 00:00:00,2024-02-03 00:00:00,12.989765,75.67406,Murder reported at Mangalore on 2024-02-03
239,100541202400239,CASE-239,2024-05-20,15,41,1,1,1,6,4,1,2024-05-19 23:00:00,2024-05-20 00:00:00,2024-05-20 00:00:00,12.862877,75.254104,Burglary reported at Mangalore on 2024-05-20
240,100541202400240,CASE-240,2024-07-09,100,41,1,1,1,8,4,1,2024-07-08 15:00:00,2024-07-09 00:00:00,2024-07-09 00:00:00,12.982709,74.529924,Snatching reported at Mangalore on 2024-07-09
241,100542202400241,CASE-241,2025-04-01,26,42,1,1,1,4,3,1,2025-03-31 20:00:00,2025-04-01 00:00:00,2025-04-01 00:00:00,12.938796,78.49383,Assault reported at Mangalore on 2025-04-01
242,100542202400242,CASE-242,2024-05-18,12,42,1,1,1,2,4,1,2024-05-17 02:00:00,2024-05-18 00:00:00,2024-05-18 00:00:00,12.834531,77.210165,Robbery reported at Mangalore on 2024-05-18
243,100542202400243,CASE-243,2024-11-23,39,42,1,1,1,6,1,1,2024-11-22 18:00:00,2024-11-23 00:00:00,2024-11-23 00:00:00,12.909999,75.30663,Burglary reported at Mangalore on 2024-11-23
244,100542202400244,CASE-244,2024-06-27,18,42,1,1,1,6,2,1,2024-06-26 16:00:00,2024-06-27 00:00:00,2024-06-27 00:00:00,12.824272,74.904412,Burglary reported at Mangalore on 2024-06-27
245,100542202400245,CASE-245,2025-05-20,71,42,1,1,1,1,3,1,2025-05-19 19:00:00,2025-05-20 00:00:00,2025-05-20 00:00:00,12.910804,75.6601,Theft reported at Mangalore on 2025-05-20
246,100542202400246,CASE-246,2024-03-29,62,42,1,1,1,2,3,1,2024-03-28 07:00:00,2024-03-29 00:00:00,2024-03-29 00:00:00,12.879632,77.226201,Robbery reported at Mangalore on 2024-03-29
247,100542202400247,CASE-247,2025-02-24,10,42,1,1,1,7,1,1,2025-02-23 09:00:00,2025-02-24 00:00:00,2025-02-24 00:00:00,12.825065,75.426625,Cheating reported at Mangalore on 2025-02-24
248,100542202400248,CASE-248,2025-04-22,82,42,1,1,1,6,2,1,2025-04-21 05:00:00,2025-04-22 00:00:00,2025-04-22 00:00:00,12.975592,77.511183,Burglary reported at Mangalore on 2025-04-22
249,100543202400249,CASE-249,2024-05-12,39,43,1,1,1,7,1,1,2024-05-11 18:00:00,2024-05-12 00:00:00,2024-05-12 00:00:00,12.966278,76.33146,Cheating reported at Mangalore on 2024-05-12
250,100543202400250,CASE-250,2024-06-14,37,43,1,1,1,6,2,1,2024-06-13 21:00:00,2024-06-14 00:00:00,2024-06-14 00:00:00,12.869205,78.234068,Burglary reported at Mangalore on 2024-06-14
251,100543202400251,CASE-251,2024-09-13,69,43,1,1,1,4,3,1,2024-09-12 21:00:00,2024-09-13 00:00:00,2024-09-13 00:00:00,12.825034,75.362711,Assault reported at Mangalore on 2024-09-13
252,100543202400252,CASE-252,2025-05-29,78,43,1,1,1,3,2,1,2025-05-28 13:00:00,2025-05-29 00:00:00,2025-05-29 00:00:00,12.83424,76.810156,Murder reported at Mangalore on 2025-05-29
253,100644202400253,CASE-253,2024-02-12,74,44,1,1,1,1,1,1,2024-02-11 15:00:00,2024-02-12 00:00:00,2024-02-12 00:00:00,12.181847,76.886542,Theft reported at Belgaum on 2024-02-12
254,100644202400254,CASE-254,2024-08-03,38,44,1,1,1,7,1,1,2024-08-02 03:00:00,2024-08-03 00:00:00,2024-08-03 00:00:00,13.992152,76.822238,Cheating reported at Belgaum on 2024-08-03
255,100644202400255,CASE-255,2024-11-05,39,44,1,1,1,8,2,1,2024-11-04 09:00:00,2024-11-05 00:00:00,2024-11-05 00:00:00,15.218753,77.082459,Snatching reported at Belgaum on 2024-11-05
256,100644202400256,CASE-256,2024-03-15,27,44,1,1,1,1,2,1,2024-03-14 13:00:00,2024-03-15 00:00:00,2024-03-15 00:00:00,13.758422,76.17913,Theft reported at Belgaum on 2024-03-15
257,100644202400257,CASE-257,2024-05-27,52,44,1,1,1,6,3,1,2024-05-26 19:00:00,2024-05-27 00:00:00,2024-05-27 00:00:00,14.936799,77.873498,Burglary reported at Belgaum on 2024-05-27
258,100644202400258,CASE-258,2025-01-14,58,44,1,1,1,2,3,1,2025-01-13 16:00:00,2025-01-14 00:00:00,2025-01-14 00:00:00,12.966951,74.551349,Robbery reported at Belgaum on 2025-01-14
259,100644202400259,CASE-259,2024-05-24,79,44,1,1,1,2,1,1,2024-05-23 10:00:00,2024-05-24 00:00:00,2024-05-24 00:00:00,13.160848,75.728674,Robbery reported at Belgaum on 2024-05-24
260,100645202400260,CASE-260,2024-06-12,66,45,1,1,1,6,3,1,2024-06-11 09:00:00,2024-06-12 00:00:00,2024-06-12 00:00:00,12.759336,74.717041,Burglary reported at Belgaum on 2024-06-12
261,100645202400261,CASE-261,2025-05-25,65,45,1,1,1,5,4,1,2025-05-24 09:00:00,2025-05-25 00:00:00,2025-05-25 00:00:00,12.092705,78.253548,Kidnapping reported at Belgaum on 2025-05-25
262,100645202400262,CASE-262,2024-09-03,77,45,1,1,1,4,3,1,2024-09-02 03:00:00,2024-09-03 00:00:00,2024-09-03 00:00:00,12.194633,75.266104,Assault reported at Belgaum on 2024-09-03
263,100645202400263,CASE-263,2025-04-26,34,45,1,1,1,5,1,1,2025-04-25 00:00:00,2025-04-26 00:00:00,2025-04-26 00:00:00,15.388689,75.939175,Kidnapping reported at Belgaum on 2025-04-26
264,100646202400264,CASE-264,2025-02-16,25,46,1,1,1,6,1,1,2025-02-15 12:00:00,2025-02-16 00:00:00,2025-02-16 00:00:00,13.602326,76.566267,Burglary reported at Belgaum on 2025-02-16
265,100646202400265,CASE-265,2024-10-22,36,46,1,1,1,2,4,1,2024-10-21 04:00:00,2024-10-22 00:00:00,2024-10-22 00:00:00,14.017022,77.439819,Robbery reported at Belgaum on 2024-10-22
266,100646202400266,CASE-266,2024-05-01,44,46,1,1,1,3,1,1,2024-04-30 06:00:00,2024-05-01 00:00:00,2024-05-01 00:00:00,13.575615,77.577038,Murder reported at Belgaum on 2024-05-01
267,100646202400267,CASE-267,2025-01-09,6,46,1,1,1,3,2,1,2025-01-08 22:00:00,2025-01-09 00:00:00,2025-01-09 00:00:00,14.409852,75.806242,Murder reported at Belgaum on 2025-01-09
268,100646202400268,CASE-268,2024-02-09,20,46,1,1,1,3,3,1,2024-02-08 04:00:00,2024-02-09 00:00:00,2024-02-09 00:00:00,15.215863,76.336997,Murder reported at Belgaum on 2024-02-09
269,100647202400269,CASE-269,2024-05-23,95,47,1,1,1,6,3,1,2024-05-22 14:00:00,2024-05-23 00:00:00,2024-05-23 00:00:00,12.650008,78.457771,Burglary reported at Belgaum on 2024-05-23
270,100647202400270,CASE-270,2024-12-10,43,47,1,1,1,8,3,1,2024-12-09 02:00:00,2024-12-10 00:00:00,2024-12-10 00:00:00,13.89957,74.074866,Snatching reported at Belgaum on 2024-12-10
271,100647202400271,CASE-271,2024-04-22,89,47,1,1,1,7,3,1,2024-04-21 03:00:00,2024-04-22 00:00:00,2024-04-22 00:00:00,15.187019,77.263959,Cheating reported at Belgaum on 2024-04-22
272,100647202400272,CASE-272,2024-01-28,100,47,1,1,1,8,3,1,2024-01-27 05:00:00,2024-01-28 00:00:00,2024-01-28 00:00:00,15.868283,77.523068,Snatching reported at Belgaum on 2024-01-28
273,100647202400273,CASE-273,2024-08-21,80,47,1,1,1,1,4,1,2024-08-20 11:00:00,2024-08-21 00:00:00,2024-08-21 00:00:00,12.682048,76.830614,Theft reported at Belgaum on 2024-08-21
274,100647202400274,CASE-274,2024-05-31,25,47,1,1,1,4,1,1,2024-05-30 23:00:00,2024-05-31 00:00:00,2024-05-31 00:00:00,14.290281,77.152344,Assault reported at Belgaum on 2024-05-31
275,100647202400275,CASE-275,2025-03-27,53,47,1,1,1,6,4,1,2025-03-26 07:00:00,2025-03-27 00:00:00,2025-03-27 00:00:00,12.605725,77.107251,Burglary reported at Belgaum on 2025-03-27
276,100648202400276,CASE-276,2025-04-27,85,48,1,1,1,1,2,1,2025-04-26 08:00:00,2025-04-27 00:00:00,2025-04-27 00:00:00,14.074733,76.52399,Theft reported at Belgaum on 2025-04-27
277,100648202400277,CASE-277,2025-06-22,69,48,1,1,1,7,3,1,2025-06-21 13:00:00,2025-06-22 00:00:00,2025-06-22 00:00:00,15.826742,76.068486,Cheating reported at Belgaum on 2025-06-22
278,100648202400278,CASE-278,2024-12-28,72,48,1,1,1,5,4,1,2024-12-27 14:00:00,2024-12-28 00:00:00,2024-12-28 00:00:00,12.769057,75.109336,Kidnapping reported at Belgaum on 2024-12-28
279,100648202400279,CASE-279,2024-08-18,63,48,1,1,1,5,3,1,2024-08-17 13:00:00,2024-08-18 00:00:00,2024-08-18 00:00:00,14.819604,77.10608,Kidnapping reported at Belgaum on 2024-08-18
280,100648202400280,CASE-280,2025-05-06,70,48,1,1,1,6,3,1,2025-05-05 11:00:00,2025-05-06 00:00:00,2025-05-06 00:00:00,13.151158,76.580646,Burglary reported at Belgaum on 2025-05-06
281,100648202400281,CASE-281,2025-02-08,92,48,1,1,1,6,2,1,2025-02-07 21:00:00,2025-02-08 00:00:00,2025-02-08 00:00:00,13.161811,75.294337,Burglary reported at Belgaum on 2025-02-08
282,100648202400282,CASE-282,2024-12-20,69,48,1,1,1,8,3,1,2024-12-19 15:00:00,2024-12-20 00:00:00,2024-12-20 00:00:00,14.989354,74.962941,Snatching reported at Belgaum on 2024-12-20
283,100649202400283,CASE-283,2024-10-05,32,49,1,1,1,3,1,1,2024-10-04 22:00:00,2024-10-05 00:00:00,2024-10-05 00:00:00,14.462708,76.640737,Murder reported at Belgaum on 2024-10-05
284,100649202400284,CASE-284,2025-06-27,92,49,1,1,1,4,2,1,2025-06-26 08:00:00,2025-06-27 00:00:00,2025-06-27 00:00:00,12.209964,75.859856,Assault reported at Belgaum on 2025-06-27
285,100649202400285,CASE-285,2024-04-12,21,49,1,1,1,3,1,1,2024-04-11 10:00:00,2024-04-12 00:00:00,2024-04-12 00:00:00,15.858075,78.400598,Murder reported at Belgaum on 2024-04-12
286,100649202400286,CASE-286,2025-05-02,37,49,1,1,1,8,2,1,2025-05-01 03:00:00,2025-05-02 00:00:00,2025-05-02 00:00:00,15.023644,75.292603,Snatching reported at Belgaum on 2025-05-02
287,100649202400287,CASE-287,2024-03-01,5,49,1,1,1,2,2,1,2024-02-29 18:00:00,2024-03-01 00:00:00,2024-03-01 00:00:00,14.140609,77.25403,Robbery reported at Belgaum on 2024-03-01
288,100649202400288,CASE-288,2025-03-03,64,49,1,1,1,3,1,1,2025-03-02 18:00:00,2025-03-03 00:00:00,2025-03-03 00:00:00,15.988687,75.786476,Murder reported at Belgaum on 2025-03-03
289,100649202400289,CASE-289,2024-10-23,43,49,1,1,1,1,1,1,2024-10-22 14:00:00,2024-10-23 00:00:00,2024-10-23 00:00:00,13.193569,76.712523,Theft reported at Belgaum on 2024-10-23
290,100650202400290,CASE-290,2025-06-20,25,50,1,1,1,8,2,1,2025-06-19 20:00:00,2025-06-20 00:00:00,2025-06-20 00:00:00,15.404239,76.106093,Snatching reported at Belgaum on 2025-06-20
291,100650202400291,CASE-291,2024-12-04,2,50,1,1,1,3,4,1,2024-12-03 00:00:00,2024-12-04 00:00:00,2024-12-04 00:00:00,14.593141,77.233692,Murder reported at Belgaum on 2024-12-04
292,100650202400292,CASE-292,2024-12-11,52,50,1,1,1,5,2,1,2024-12-10 10:00:00,2024-12-11 00:00:00,2024-12-11 00:00:00,12.70198,77.852659,Kidnapping reported at Belgaum on 2024-12-11
293,100650202400293,CASE-293,2025-06-11,18,50,1,1,1,6,1,1,2025-06-10 08:00:00,2025-06-11 00:00:00,2025-06-11 00:00:00,13.603333,74.429233,Burglary reported at Belgaum on 2025-06-11
294,100650202400294,CASE-294,2024-11-27,97,50,1,1,1,4,1,1,2024-11-26 15:00:00,2024-11-27 00:00:00,2024-11-27 00:00:00,13.043141,75.059846,Assault reported at Belgaum on 2024-11-27
295,100650202400295,CASE-295,2024-12-03,31,50,1,1,1,5,1,1,2024-12-02 22:00:00,2024-12-03 00:00:00,2024-12-03 00:00:00,13.046213,75.617984,Kidnapping reported at Belgaum on 2024-12-03
296,100651202400296,CASE-296,2024-05-01,91,51,1,1,1,8,3,1,2024-04-30 14:00:00,2024-05-01 00:00:00,2024-05-01 00:00:00,12.638867,77.087331,Snatching reported at Belgaum on 2024-05-01
297,100651202400297,CASE-297,2024-04-30,18,51,1,1,1,5,3,1,2024-04-29 08:00:00,2024-04-30 00:00:00,2024-04-30 00:00:00,14.458502,74.986079,Kidnapping reported at Belgaum on 2024-04-30
298,100651202400298,CASE-298,2024-06-05,61,51,1,1,1,8,3,1,2024-06-04 06:00:00,2024-06-05 00:00:00,2024-06-05 00:00:00,13.663382,76.471555,Snatching reported at Belgaum on 2024-06-05
299,100651202400299,CASE-299,2024-08-11,47,51,1,1,1,4,1,1,2024-08-10 21:00:00,2024-08-11 00:00:00,2024-08-11 00:00:00,14.102027,76.376779,Assault reported at Belgaum on 2024-08-11
300,100651202400300,CASE-300,2024-04-24,42,51,1,1,1,1,2,1,2024-04-23 07:00:00,2024-04-24 00:00:00,2024-04-24 00:00:00,14.290807,74.674336,Theft reported at Belgaum on 2024-04-24
301,100651202400301,CASE-301,2025-03-28,66,51,1,1,1,2,2,1,2025-03-27 09:00:00,2025-03-28 00:00:00,2025-03-28 00:00:00,14.867672,76.199726,Robbery reported at Belgaum on 2025-03-28
302,100651202400302,CASE-302,2024-02-26,8,51,1,1,1,8,2,1,2024-02-25 06:00:00,2024-02-26 00:00:00,2024-02-26 00:00:00,14.052991,76.055593,Snatching reported at Belgaum on 2024-02-26
303,100651202400303,CASE-303,2025-04-18,96,51,1,1,1,5,1,1,2025-04-17 17:00:00,2025-04-18 00:00:00,2025-04-18 00:00:00,13.583795,77.67404,Kidnapping reported at Belgaum on 2025-04-18
304,100752202400304,CASE-304,2024-03-15,8,52,1,1,1,1,4,1,2024-03-14 21:00:00,2024-03-15 00:00:00,2024-03-15 00:00:00,13.378115,74.28692,Theft reported at Dharwad on 2024-03-15
305,100752202400305,CASE-305,2025-04-28,99,52,1,1,1,1,3,1,2025-04-27 03:00:00,2025-04-28 00:00:00,2025-04-28 00:00:00,13.635468,77.460374,Theft reported at Dharwad on 2025-04-28
306,100752202400306,CASE-306,2025-03-06,49,52,1,1,1,6,4,1,2025-03-05 11:00:00,2025-03-06 00:00:00,2025-03-06 00:00:00,13.794149,78.127018,Burglary reported at Dharwad on 2025-03-06
307,100752202400307,CASE-307,2024-03-23,51,52,1,1,1,3,3,1,2024-03-22 07:00:00,2024-03-23 00:00:00,2024-03-23 00:00:00,12.474533,78.46781,Murder reported at Dharwad on 2024-03-23
308,100752202400308,CASE-308,2024-05-10,60,52,1,1,1,4,1,1,2024-05-09 02:00:00,2024-05-10 00:00:00,2024-05-10 00:00:00,15.024718,78.403208,Assault reported at Dharwad on 2024-05-10
309,100752202400309,CASE-309,2025-03-10,36,52,1,1,1,7,2,1,2025-03-09 17:00:00,2025-03-10 00:00:00,2025-03-10 00:00:00,12.990048,75.557719,Cheating reported at Dharwad on 2025-03-10
310,100752202400310,CASE-310,2024-04-25,3,52,1,1,1,1,4,1,2024-04-24 16:00:00,2024-04-25 00:00:00,2024-04-25 00:00:00,14.459693,78.213071,Theft reported at Dharwad on 2024-04-25
311,100753202400311,CASE-311,2024-03-09,7,53,1,1,1,2,1,1,2024-03-08 16:00:00,2024-03-09 00:00:00,2024-03-09 00:00:00,13.785764,77.024106,Robbery reported at Dharwad on 2024-03-09
312,100753202400312,CASE-312,2024-02-15,100,53,1,1,1,7,4,1,2024-02-14 22:00:00,2024-02-15 00:00:00,2024-02-15 00:00:00,12.937357,74.977711,Cheating reported at Dharwad on 2024-02-15
313,100753202400313,CASE-313,2024-05-23,41,53,1,1,1,5,2,1,2024-05-22 05:00:00,2024-05-23 00:00:00,2024-05-23 00:00:00,15.263145,77.291829,Kidnapping reported at Dharwad on 2024-05-23
314,100753202400314,CASE-314,2024-11-24,67,53,1,1,1,4,3,1,2024-11-23 16:00:00,2024-11-24 00:00:00,2024-11-24 00:00:00,15.505033,78.43563,Assault reported at Dharwad on 2024-11-24
315,100754202400315,CASE-315,2024-11-03,95,54,1,1,1,5,1,1,2024-11-02 18:00:00,2024-11-03 00:00:00,2024-11-03 00:00:00,14.226872,76.662502,Kidnapping reported at Dharwad on 2024-11-03
316,100754202400316,CASE-316,2025-03-13,86,54,1,1,1,8,1,1,2025-03-12 11:00:00,2025-03-13 00:00:00,2025-03-13 00:00:00,15.889161,78.237139,Snatching reported at Dharwad on 2025-03-13
317,100754202400317,CASE-317,2025-06-21,24,54,1,1,1,6,4,1,2025-06-20 06:00:00,2025-06-21 00:00:00,2025-06-21 00:00:00,13.633037,75.349498,Burglary reported at Dharwad on 2025-06-21
318,100754202400318,CASE-318,2025-04-29,60,54,1,1,1,4,2,1,2025-04-28 22:00:00,2025-04-29 00:00:00,2025-04-29 00:00:00,13.202946,77.184096,Assault reported at Dharwad on 2025-04-29
319,100754202400319,CASE-319,2025-02-26,43,54,1,1,1,7,2,1,2025-02-25 03:00:00,2025-02-26 00:00:00,2025-02-26 00:00:00,13.553676,75.14748,Cheating reported at Dharwad on 2025-02-26
320,100754202400320,CASE-320,2024-03-21,25,54,1,1,1,8,3,1,2024-03-20 22:00:00,2024-03-21 00:00:00,2024-03-21 00:00:00,12.369856,77.260631,Snatching reported at Dharwad on 2024-03-21
321,100755202400321,CASE-321,2025-01-21,93,55,1,1,1,1,1,1,2025-01-20 02:00:00,2025-01-21 00:00:00,2025-01-21 00:00:00,12.752653,77.427634,Theft reported at Dharwad on 2025-01-21
322,100755202400322,CASE-322,2024-08-10,2,55,1,1,1,8,2,1,2024-08-09 17:00:00,2024-08-10 00:00:00,2024-08-10 00:00:00,15.477895,75.498339,Snatching reported at Dharwad on 2024-08-10
323,100755202400323,CASE-323,2024-07-13,91,55,1,1,1,2,4,1,2024-07-12 17:00:00,2024-07-13 00:00:00,2024-07-13 00:00:00,15.657765,77.130318,Robbery reported at Dharwad on 2024-07-13
324,100755202400324,CASE-324,2025-02-10,69,55,1,1,1,4,3,1,2025-02-09 03:00:00,2025-02-10 00:00:00,2025-02-10 00:00:00,15.102056,75.712978,Assault reported at Dharwad on 2025-02-10
325,100755202400325,CASE-325,2025-01-02,60,55,1,1,1,5,3,1,2025-01-01 20:00:00,2025-01-02 00:00:00,2025-01-02 00:00:00,13.438578,77.972654,Kidnapping reported at Dharwad on 2025-01-02
326,100756202400326,CASE-326,2025-04-25,73,56,1,1,1,6,2,1,2025-04-24 16:00:00,2025-04-25 00:00:00,2025-04-25 00:00:00,13.48282,75.862686,Burglary reported at Dharwad on 2025-04-25
327,100756202400327,CASE-327,2024-05-29,93,56,1,1,1,1,3,1,2024-05-28 10:00:00,2024-05-29 00:00:00,2024-05-29 00:00:00,14.213246,76.628144,Theft reported at Dharwad on 2024-05-29
328,100756202400328,CASE-328,2024-10-29,32,56,1,1,1,3,2,1,2024-10-28 08:00:00,2024-10-29 00:00:00,2024-10-29 00:00:00,13.319461,75.709279,Murder reported at Dharwad on 2024-10-29
329,100756202400329,CASE-329,2024-12-11,63,56,1,1,1,5,4,1,2024-12-10 09:00:00,2024-12-11 00:00:00,2024-12-11 00:00:00,15.866033,76.887625,Kidnapping reported at Dharwad on 2024-12-11
330,100756202400330,CASE-330,2024-06-21,24,56,1,1,1,6,2,1,2024-06-20 06:00:00,2024-06-21 00:00:00,2024-06-21 00:00:00,12.559834,76.459458,Burglary reported at Dharwad on 2024-06-21
331,100756202400331,CASE-331,2024-03-01,98,56,1,1,1,1,1,1,2024-02-29 23:00:00,2024-03-01 00:00:00,2024-03-01 00:00:00,15.780752,77.00697,Theft reported at Dharwad on 2024-03-01
332,100756202400332,CASE-332,2025-02-26,28,56,1,1,1,3,2,1,2025-02-25 07:00:00,2025-02-26 00:00:00,2025-02-26 00:00:00,12.271872,74.679633,Murder reported at Dharwad on 2025-02-26
333,100756202400333,CASE-333,2025-04-11,79,56,1,1,1,6,1,1,2025-04-10 08:00:00,2025-04-11 00:00:00,2025-04-11 00:00:00,14.471341,77.000396,Burglary reported at Dharwad on 2025-04-11
334,100857202400334,CASE-334,2025-05-14,3,57,1,1,1,1,1,1,2025-05-13 07:00:00,2025-05-14 00:00:00,2025-05-14 00:00:00,14.12885,75.851023,Theft reported at Shivamogga on 2025-05-14
335,100857202400335,CASE-335,2024-10-08,56,57,1,1,1,5,1,1,2024-10-07 18:00:00,2024-10-08 00:00:00,2024-10-08 00:00:00,14.008864,77.140366,Kidnapping reported at Shivamogga on 2024-10-08
336,100857202400336,CASE-336,2024-04-19,33,57,1,1,1,2,2,1,2024-04-18 12:00:00,2024-04-19 00:00:00,2024-04-19 00:00:00,12.963875,76.789014,Robbery reported at Shivamogga on 2024-04-19
337,100857202400337,CASE-337,2024-09-30,73,57,1,1,1,7,1,1,2024-09-29 16:00:00,2024-09-30 00:00:00,2024-09-30 00:00:00,13.492206,75.827123,Cheating reported at Shivamogga on 2024-09-30
338,100857202400338,CASE-338,2024-08-19,98,57,1,1,1,5,1,1,2024-08-18 22:00:00,2024-08-19 00:00:00,2024-08-19 00:00:00,14.614943,77.861986,Kidnapping reported at Shivamogga on 2024-08-19
339,100857202400339,CASE-339,2024-04-05,82,57,1,1,1,7,4,1,2024-04-04 23:00:00,2024-04-05 00:00:00,2024-04-05 00:00:00,13.508678,76.142023,Cheating reported at Shivamogga on 2024-04-05
340,100857202400340,CASE-340,2024-06-24,43,57,1,1,1,2,4,1,2024-06-23 05:00:00,2024-06-24 00:00:00,2024-06-24 00:00:00,15.381319,76.902083,Robbery reported at Shivamogga on 2024-06-24
341,100857202400341,CASE-341,2024-04-07,73,57,1,1,1,1,2,1,2024-04-06 08:00:00,2024-04-07 00:00:00,2024-04-07 00:00:00,12.845668,77.906526,Theft reported at Shivamogga on 2024-04-07
342,100858202400342,CASE-342,2024-02-17,5,58,1,1,1,2,3,1,2024-02-16 18:00:00,2024-02-17 00:00:00,2024-02-17 00:00:00,15.597247,76.535794,Robbery reported at Shivamogga on 2024-02-17
343,100858202400343,CASE-343,2024-11-18,92,58,1,1,1,1,2,1,2024-11-17 11:00:00,2024-11-18 00:00:00,2024-11-18 00:00:00,14.348144,77.385145,Theft reported at Shivamogga on 2024-11-18
344,100858202400344,CASE-344,2024-03-19,50,58,1,1,1,5,2,1,2024-03-18 02:00:00,2024-03-19 00:00:00,2024-03-19 00:00:00,14.255833,76.550132,Kidnapping reported at Shivamogga on 2024-03-19
345,100858202400345,CASE-345,2024-12-05,11,58,1,1,1,7,2,1,2024-12-04 07:00:00,2024-12-05 00:00:00,2024-12-05 00:00:00,15.161992,77.101897,Cheating reported at Shivamogga on 2024-12-05
346,100858202400346,CASE-346,2024-12-20,44,58,1,1,1,1,1,1,2024-12-19 04:00:00,2024-12-20 00:00:00,2024-12-20 00:00:00,13.748353,77.774036,Theft reported at Shivamogga on 2024-12-20
347,100859202400347,CASE-347,2025-02-10,58,59,1,1,1,6,1,1,2025-02-09 08:00:00,2025-02-10 00:00:00,2025-02-10 00:00:00,14.536492,77.525967,Burglary reported at Shivamogga on 2025-02-10
348,100859202400348,CASE-348,2024-08-21,85,59,1,1,1,6,4,1,2024-08-20 11:00:00,2024-08-21 00:00:00,2024-08-21 00:00:00,13.727392,77.058627,Burglary reported at Shivamogga on 2024-08-21
349,100859202400349,CASE-349,2024-03-28,20,59,1,1,1,5,2,1,2024-03-27 11:00:00,2024-03-28 00:00:00,2024-03-28 00:00:00,14.852434,74.369171,Kidnapping reported at Shivamogga on 2024-03-28
350,100859202400350,CASE-350,2024-06-06,40,59,1,1,1,7,3,1,2024-06-05 09:00:00,2024-06-06 00:00:00,2024-06-06 00:00:00,13.442801,74.411842,Cheating reported at Shivamogga on 2024-06-06
351,100859202400351,CASE-351,2025-01-03,58,59,1,1,1,5,1,1,2025-01-02 06:00:00,2025-01-03 00:00:00,2025-01-03 00:00:00,12.530028,74.843263,Kidnapping reported at Shivamogga on 2025-01-03
352,100859202400352,CASE-352,2025-06-08,12,59,1,1,1,7,1,1,2025-06-07 04:00:00,2025-06-08 00:00:00,2025-06-08 00:00:00,12.105048,75.592614,Cheating reported at Shivamogga on 2025-06-08
353,100859202400353,CASE-353,2024-11-28,11,59,1,1,1,7,1,1,2024-11-27 00:00:00,2024-11-28 00:00:00,2024-11-28 00:00:00,13.167389,75.745098,Cheating reported at Shivamogga on 2024-11-28
354,100860202400354,CASE-354,2024-09-05,35,60,1,1,1,3,4,1,2024-09-04 08:00:00,2024-09-05 00:00:00,2024-09-05 00:00:00,12.678007,75.210135,Murder reported at Shivamogga on 2024-09-05
355,100860202400355,CASE-355,2024-05-29,62,60,1,1,1,2,2,1,2024-05-28 21:00:00,2024-05-29 00:00:00,2024-05-29 00:00:00,13.738705,75.894961,Robbery reported at Shivamogga on 2024-05-29
356,100860202400356,CASE-356,2025-01-04,79,60,1,1,1,5,2,1,2025-01-03 17:00:00,2025-01-04 00:00:00,2025-01-04 00:00:00,14.883598,76.231111,Kidnapping reported at Shivamogga on 2025-01-04
357,100860202400357,CASE-357,2025-04-13,43,60,1,1,1,2,2,1,2025-04-12 04:00:00,2025-04-13 00:00:00,2025-04-13 00:00:00,13.218632,78.269706,Robbery reported at Shivamogga on 2025-04-13
358,100860202400358,CASE-358,2025-01-24,84,60,1,1,1,6,4,1,2025-01-23 04:00:00,2025-01-24 00:00:00,2025-01-24 00:00:00,13.338945,77.66964,Burglary reported at Shivamogga on 2025-01-24
359,100860202400359,CASE-359,2024-05-19,62,60,1,1,1,5,3,1,2024-05-18 13:00:00,2024-05-19 00:00:00,2024-05-19 00:00:00,14.412845,77.128815,Kidnapping reported at Shivamogga on 2024-05-19
360,100860202400360,CASE-360,2024-06-30,63,60,1,1,1,7,3,1,2024-06-29 05:00:00,2024-06-30 00:00:00,2024-06-30 00:00:00,13.165793,77.12731,Cheating reported at Shivamogga on 2024-06-30
361,100861202400361,CASE-361,2024-11-29,15,61,1,1,1,7,3,1,2024-11-28 05:00:00,2024-11-29 00:00:00,2024-11-29 00:00:00,15.265978,75.768208,Cheating reported at Shivamogga on 2024-11-29
362,100861202400362,CASE-362,2024-07-23,91,61,1,1,1,3,1,1,2024-07-22 17:00:00,2024-07-23 00:00:00,2024-07-23 00:00:00,15.812018,76.0773,Murder reported at Shivamogga on 2024-07-23
363,100861202400363,CASE-363,2025-03-24,53,61,1,1,1,5,1,1,2025-03-23 02:00:00,2025-03-24 00:00:00,2025-03-24 00:00:00,15.275862,77.580456,Kidnapping reported at Shivamogga on 2025-03-24
364,100861202400364,CASE-364,2025-05-26,92,61,1,1,1,3,3,1,2025-05-25 10:00:00,2025-05-26 00:00:00,2025-05-26 00:00:00,12.968085,76.963983,Murder reported at Shivamogga on 2025-05-26
365,100962202400365,CASE-365,2024-03-16,89,62,1,1,1,8,4,1,2024-03-15 10:00:00,2024-03-16 00:00:00,2024-03-16 00:00:00,14.328976,76.404653,Snatching reported at Tumkur on 2024-03-16
366,100962202400366,CASE-366,2024-02-07,86,62,1,1,1,6,1,1,2024-02-06 12:00:00,2024-02-07 00:00:00,2024-02-07 00:00:00,12.437478,75.117039,Burglary reported at Tumkur on 2024-02-07
367,100962202400367,CASE-367,2024-06-19,56,62,1,1,1,1,4,1,2024-06-18 20:00:00,2024-06-19 00:00:00,2024-06-19 00:00:00,15.867245,75.492185,Theft reported at Tumkur on 2024-06-19
368,100962202400368,CASE-368,2024-01-11,72,62,1,1,1,2,3,1,2024-01-10 05:00:00,2024-01-11 00:00:00,2024-01-11 00:00:00,12.888004,77.360839,Robbery reported at Tumkur on 2024-01-11
369,100962202400369,CASE-369,2024-08-14,76,62,1,1,1,8,3,1,2024-08-13 01:00:00,2024-08-14 00:00:00,2024-08-14 00:00:00,13.564537,77.47554,Snatching reported at Tumkur on 2024-08-14
370,100962202400370,CASE-370,2025-05-27,38,62,1,1,1,3,3,1,2025-05-26 10:00:00,2025-05-27 00:00:00,2025-05-27 00:00:00,15.990811,76.17247,Murder reported at Tumkur on 2025-05-27
371,100963202400371,CASE-371,2024-04-28,27,63,1,1,1,3,3,1,2024-04-27 07:00:00,2024-04-28 00:00:00,2024-04-28 00:00:00,13.247561,76.048997,Murder reported at Tumkur on 2024-04-28
372,100963202400372,CASE-372,2025-05-09,58,63,1,1,1,6,4,1,2025-05-08 13:00:00,2025-05-09 00:00:00,2025-05-09 00:00:00,12.390492,77.248973,Burglary reported at Tumkur on 2025-05-09
373,100963202400373,CASE-373,2024-03-09,44,63,1,1,1,5,1,1,2024-03-08 03:00:00,2024-03-09 00:00:00,2024-03-09 00:00:00,15.240744,74.517884,Kidnapping reported at Tumkur on 2024-03-09
374,100964202400374,CASE-374,2024-06-17,55,64,1,1,1,4,2,1,2024-06-16 09:00:00,2024-06-17 00:00:00,2024-06-17 00:00:00,14.207641,75.489453,Assault reported at Tumkur on 2024-06-17
375,100964202400375,CASE-375,2024-08-25,51,64,1,1,1,7,2,1,2024-08-24 23:00:00,2024-08-25 00:00:00,2024-08-25 00:00:00,12.745548,76.957886,Cheating reported at Tumkur on 2024-08-25
376,100964202400376,CASE-376,2024-07-21,27,64,1,1,1,8,4,1,2024-07-20 15:00:00,2024-07-21 00:00:00,2024-07-21 00:00:00,13.555343,77.17131,Snatching reported at Tumkur on 2024-07-21
377,100965202400377,CASE-377,2024-03-05,15,65,1,1,1,2,2,1,2024-03-04 15:00:00,2024-03-05 00:00:00,2024-03-05 00:00:00,13.463172,74.886834,Robbery reported at Tumkur on 2024-03-05
378,100965202400378,CASE-378,2025-05-16,45,65,1,1,1,6,4,1,2025-05-15 12:00:00,2025-05-16 00:00:00,2025-05-16 00:00:00,14.445234,76.641521,Burglary reported at Tumkur on 2025-05-16
379,100965202400379,CASE-379,2025-04-13,87,65,1,1,1,3,3,1,2025-04-12 19:00:00,2025-04-13 00:00:00,2025-04-13 00:00:00,15.67473,76.655758,Murder reported at Tumkur on 2025-04-13
380,100965202400380,CASE-380,2024-11-16,89,65,1,1,1,2,2,1,2024-11-15 19:00:00,2024-11-16 00:00:00,2024-11-16 00:00:00,13.22152,74.8237,Robbery reported at Tumkur on 2024-11-16
381,100965202400381,CASE-381,2025-06-07,55,65,1,1,1,7,4,1,2025-06-06 18:00:00,2025-06-07 00:00:00,2025-06-07 00:00:00,14.385703,76.586627,Cheating reported at Tumkur on 2025-06-07
382,100965202400382,CASE-382,2025-05-13,41,65,1,1,1,3,2,1,2025-05-12 09:00:00,2025-05-13 00:00:00,2025-05-13 00:00:00,13.958568,74.631334,Murder reported at Tumkur on 2025-05-13
383,100965202400383,CASE-383,2024-02-24,50,65,1,1,1,6,1,1,2024-02-23 06:00:00,2024-02-24 00:00:00,2024-02-24 00:00:00,13.938436,74.878078,Burglary reported at Tumkur on 2024-02-24
384,100965202400384,CASE-384,2025-06-01,57,65,1,1,1,8,4,1,2025-05-31 08:00:00,2025-06-01 00:00:00,2025-06-01 00:00:00,14.738787,75.870337,Snatching reported at Tumkur on 2025-06-01
385,100966202400385,CASE-385,2024-03-25,69,66,1,1,1,1,2,1,2024-03-24 14:00:00,2024-03-25 00:00:00,2024-03-25 00:00:00,13.16836,75.236838,Theft reported at Tumkur on 2024-03-25
386,100966202400386,CASE-386,2024-06-21,15,66,1,1,1,8,4,1,2024-06-20 15:00:00,2024-06-21 00:00:00,2024-06-21 00:00:00,14.198905,74.509449,Snatching reported at Tumkur on 2024-06-21
387,100966202400387,CASE-387,2025-01-10,14,66,1,1,1,1,4,1,2025-01-09 00:00:00,2025-01-10 00:00:00,2025-01-10 00:00:00,14.185413,78.453991,Theft reported at Tumkur on 2025-01-10
388,100966202400388,CASE-388,2024-09-10,12,66,1,1,1,5,1,1,2024-09-09 09:00:00,2024-09-10 00:00:00,2024-09-10 00:00:00,13.798929,75.568596,Kidnapping reported at Tumkur on 2024-09-10
389,100967202400389,CASE-389,2024-08-30,55,67,1,1,1,4,3,1,2024-08-29 18:00:00,2024-08-30 00:00:00,2024-08-30 00:00:00,15.444195,76.746178,Assault reported at Tumkur on 2024-08-30
390,100967202400390,CASE-390,2024-05-22,69,67,1,1,1,4,2,1,2024-05-21 15:00:00,2024-05-22 00:00:00,2024-05-22 00:00:00,15.221762,76.565335,Assault reported at Tumkur on 2024-05-22
391,100967202400391,CASE-391,2024-06-21,66,67,1,1,1,6,3,1,2024-06-20 02:00:00,2024-06-21 00:00:00,2024-06-21 00:00:00,13.157333,75.203044,Burglary reported at Tumkur on 2024-06-21
392,101068202400392,CASE-392,2024-05-18,17,68,1,1,1,7,1,1,2024-05-17 01:00:00,2024-05-18 00:00:00,2024-05-18 00:00:00,15.969945,77.901714,Cheating reported at Kalaburagi on 2024-05-18
393,101068202400393,CASE-393,2024-05-15,98,68,1,1,1,4,2,1,2024-05-14 02:00:00,2024-05-15 00:00:00,2024-05-15 00:00:00,14.845579,77.728168,Assault reported at Kalaburagi on 2024-05-15
394,101068202400394,CASE-394,2025-02-06,54,68,1,1,1,8,2,1,2025-02-05 11:00:00,2025-02-06 00:00:00,2025-02-06 00:00:00,14.309702,75.209227,Snatching reported at Kalaburagi on 2025-02-06
395,101069202400395,CASE-395,2024-03-18,48,69,1,1,1,2,4,1,2024-03-17 09:00:00,2024-03-18 00:00:00,2024-03-18 00:00:00,14.062454,75.252016,Robbery reported at Kalaburagi on 2024-03-18
396,101069202400396,CASE-396,2025-05-14,12,69,1,1,1,6,1,1,2025-05-13 00:00:00,2025-05-14 00:00:00,2025-05-14 00:00:00,15.475631,77.812253,Burglary reported at Kalaburagi on 2025-05-14
397,101069202400397,CASE-397,2025-04-14,55,69,1,1,1,6,1,1,2025-04-13 17:00:00,2025-04-14 00:00:00,2025-04-14 00:00:00,15.182712,75.789721,Burglary reported at Kalaburagi on 2025-04-14
398,101069202400398,CASE-398,2025-05-21,74,69,1,1,1,5,3,1,2025-05-20 19:00:00,2025-05-21 00:00:00,2025-05-21 00:00:00,15.313374,75.519898,Kidnapping reported at Kalaburagi on 2025-05-21
399,101069202400399,CASE-399,2025-05-11,59,69,1,1,1,6,1,1,2025-05-10 23:00:00,2025-05-11 00:00:00,2025-05-11 00:00:00,12.183772,76.817808,Burglary reported at Kalaburagi on 2025-05-11
400,101069202400400,CASE-400,2024-05-07,55,69,1,1,1,3,4,1,2024-05-06 17:00:00,2024-05-07 00:00:00,2024-05-07 00:00:00,13.826073,78.463272,Murder reported at Kalaburagi on 2024-05-07
401,101070202400401,CASE-401,2024-05-15,12,70,1,1,1,5,2,1,2024-05-14 03:00:00,2024-05-15 00:00:00,2024-05-15 00:00:00,15.497693,77.944678,Kidnapping reported at Kalaburagi on 2024-05-15
402,101070202400402,CASE-402,2025-01-04,22,70,1,1,1,5,1,1,2025-01-03 22:00:00,2025-01-04 00:00:00,2025-01-04 00:00:00,13.487375,78.067101,Kidnapping reported at Kalaburagi on 2025-01-04
403,101070202400403,CASE-403,2025-02-09,13,70,1,1,1,5,2,1,2025-02-08 23:00:00,2025-02-09 00:00:00,2025-02-09 00:00:00,13.716924,74.410396,Kidnapping reported at Kalaburagi on 2025-02-09
404,101070202400404,CASE-404,2024-08-06,88,70,1,1,1,8,1,1,2024-08-05 09:00:00,2024-08-06 00:00:00,2024-08-06 00:00:00,12.530799,75.017859,Snatching reported at Kalaburagi on 2024-08-06
405,101070202400405,CASE-405,2024-01-10,55,70,1,1,1,1,3,1,2024-01-09 01:00:00,2024-01-10 00:00:00,2024-01-10 00:00:00,15.268436,78.446697,Theft reported at Kalaburagi on 2024-01-10
406,101070202400406,CASE-406,2024-05-15,14,70,1,1,1,8,1,1,2024-05-14 20:00:00,2024-05-15 00:00:00,2024-05-15 00:00:00,12.915787,74.40199,Snatching reported at Kalaburagi on 2024-05-15
407,101070202400407,CASE-407,2024-11-16,97,70,1,1,1,6,3,1,2024-11-15 19:00:00,2024-11-16 00:00:00,2024-11-16 00:00:00,12.548517,77.480572,Burglary reported at Kalaburagi on 2024-11-16
408,101070202400408,CASE-408,2024-05-26,45,70,1,1,1,2,1,1,2024-05-25 00:00:00,2024-05-26 00:00:00,2024-05-26 00:00:00,14.441277,74.738524,Robbery reported at Kalaburagi on 2024-05-26
409,101071202400409,CASE-409,2024-06-04,13,71,1,1,1,7,4,1,2024-06-03 19:00:00,2024-06-04 00:00:00,2024-06-04 00:00:00,15.43985,74.390096,Cheating reported at Kalaburagi on 2024-06-04
410,101071202400410,CASE-410,2024-05-06,18,71,1,1,1,7,3,1,2024-05-05 16:00:00,2024-05-06 00:00:00,2024-05-06 00:00:00,15.852995,75.415267,Cheating reported at Kalaburagi on 2024-05-06
411,101071202400411,CASE-411,2024-10-10,78,71,1,1,1,2,2,1,2024-10-09 14:00:00,2024-10-10 00:00:00,2024-10-10 00:00:00,14.213587,76.700035,Robbery reported at Kalaburagi on 2024-10-10
412,101071202400412,CASE-412,2024-01-28,96,71,1,1,1,5,2,1,2024-01-27 11:00:00,2024-01-28 00:00:00,2024-01-28 00:00:00,14.070997,76.292852,Kidnapping reported at Kalaburagi on 2024-01-28
413,101072202400413,CASE-413,2024-02-25,82,72,1,1,1,4,4,1,2024-02-24 04:00:00,2024-02-25 00:00:00,2024-02-25 00:00:00,13.543542,75.084868,Assault reported at Kalaburagi on 2024-02-25
414,101072202400414,CASE-414,2024-03-13,73,72,1,1,1,1,3,1,2024-03-12 10:00:00,2024-03-13 00:00:00,2024-03-13 00:00:00,15.735698,74.593923,Theft reported at Kalaburagi on 2024-03-13
415,101072202400415,CASE-415,2025-01-09,3,72,1,1,1,3,4,1,2025-01-08 05:00:00,2025-01-09 00:00:00,2025-01-09 00:00:00,15.817812,77.466652,Murder reported at Kalaburagi on 2025-01-09
416,101072202400416,CASE-416,2024-03-10,51,72,1,1,1,1,3,1,2024-03-09 07:00:00,2024-03-10 00:00:00,2024-03-10 00:00:00,12.862972,78.151607,Theft reported at Kalaburagi on 2024-03-10
417,101072202400417,CASE-417,2024-10-20,69,72,1,1,1,7,4,1,2024-10-19 06:00:00,2024-10-20 00:00:00,2024-10-20 00:00:00,14.807243,74.370925,Cheating reported at Kalaburagi on 2024-10-20
